operation,ligand,smile,time,score
dock,DB00208,c1ccc(c(c1)C[N@@H+]2CCc3c(ccs3)C2)Cl,1.3269100189208984,None
dock,DB00321,C[NH+](C)CCC=C1c2ccccc2CCc3c1cccc3,2.8902485370635986,None
dock,DB00265,CCN(c1ccccc1C)C(=O)/C=C\C,3.065946102142334,None
dock,DB00389,CCOC(=O)n1ccn(c1=S)C,2.8799309730529785,None
dock,DB00333,CCC(=O)C(C[C@@H](C)[NH+](C)C)(c1ccccc1)c2ccccc2,3.169194459915161,None
dock,DB00437,c1c2c([nH]n1)ncnc2O,2.936645746231079,None
dock,DB00391,CC[N@@H+]1CCC[C@H]1CNC(=O)c2cc(ccc2OC)S(=O)(=O)N,3.077255964279175,None
dock,DB00427,Cc1ccc(cc1)/C(=C\C[NH+]2CCCC2)/c3ccccn3,3.0423154830932617,None
dock,DB00340,C[N@H+]1CCC[C@@H](C1)CC2c3ccccc3Sc4c2cccc4,3.2897791862487793,None
dock,DB00336,c1cc(oc1/C=N/NC(=O)N)[N+](=O)[O-],3.2982218265533447,None
dock,DB00365,Cc1c2c(cc(c1F)[N@@]3CC[NH2+][C@H](C3)C)n(cc(c2=O)C(=O)[O-])C4CC4,3.263690233230591,None
dock,DB00392,CC[NH+](CC)[C@@H](C)CN1c2ccccc2Sc3c1cccc3,3.246955156326294,None
dock,DB00351,CC1=C[C@@H]2[C@H](CC[C@]3([C@H]2CC[C@@]3(C(=O)C)OC(=O)C)C)[C@@]4(C1=CC(=O)CC4)C,3.419276714324951,None
dock,DB00401,CC1=C([C@@H](C(=C(N1)C)C(=O)OCC(C)C)c2ccccc2[N+](=O)[O-])C(=O)OC,3.267611026763916,None
dock,DB00422,COC(=O)[C@@H](c1ccccc1)[C@H]2CCCC[NH2+]2,3.240565776824951,None
dock,DB00409,CC[N@@H+]1CCC[C@H]1CNC(=O)c2c(ccc(c2OC)Br)OC,3.2569644451141357,None
dock,DB00498,c1ccc(cc1)C2C(=O)c3ccccc3C2=O,3.1127092838287354,None
dock,DB00203,CCCc1c2c(c(=O)nc([nH]2)c3cc(ccc3OCC)S(=O)(=O)N4CC[NH+](CC4)C)n(n1)C,3.726888656616211,None
dock,DB00501,Cc1c(nc[nH]1)CSCCN/C(=N\C#N)/NC,3.1963846683502197,None
dock,DB00415,CC1([C@@H](N2[C@H](S1)[C@@H](C2=O)NC(=O)[C@@H](c3ccccc3)[NH3+])C(=O)[O-])C,3.3692026138305664,None
dock,DB00372,CCSc1ccc2c(c1)N(c3ccccc3S2)CCCN4CC[NH+](CC4)C,3.513223886489868,None
dock,DB00493,CC(=O)OCC1=C(N2[C@@H]([C@@H](C2=O)NC(=O)/C(=N\OC)/c3csc(n3)N)SC1)C(=O)[O-],3.296626567840576,None
dock,DB00215,C[NH+](C)CCC[C@]1(c2ccc(cc2CO1)C#N)c3ccc(cc3)F,3.8451504707336426,None
dock,DB00182,C[C@@H](Cc1ccccc1)[NH3+],5.502234697341919,-5.271
dock,DB00182,C[C@H](Cc1ccccc1)[NH3+],5.583580255508423,-7.05
dock,DB00181,c1cc(ccc1[C@@H](CC(=O)[O-])C[NH3+])Cl,5.626388072967529,-7.041
dock,DB00184,C[N@H+]1CCC[C@H]1c2cccnc2,5.6800291538238525,-5.269
dock,DB00185,C[C@@H]1O[C@]2(C[NH+]3CCC2CC3)CS1,5.861576795578003,-6.559
dock,DB00184,C[N@@H+]1CCC[C@H]1c2cccnc2,5.922117233276367,-7.049
dock,DB00167,CC[C@H](C)[C@@H](C(=O)[O-])[NH3+],6.020128011703491,-7.036
dock,DB00173,c1[nH]c2c(ncnc2n1)N,6.094198226928711,-6.773
dock,DB00162,CC1=C(C(CCC1)(C)C)/C=C/C(=C/C=C/C(=C/CO)/C)/C,6.396918535232544,-5.294
dock,DB00261,c1cc(c(c2c1[NH+]=C3NC(=O)CN3C2)Cl)Cl,6.279979944229126,-6.96
dock,DB00233,c1cc(c(cc1N)O)C(=O)[O-],6.40114164352417,-5.372
dock,DB00152,Cc1c(sc[n+]1Cc2cnc(nc2N)C)CCO,6.6444127559661865,-5.475
dock,DB00177,CCCCC(=O)N(Cc1ccc(cc1)c2ccccc2c3n[n-]nn3)[C@@H](C(C)C)C(=O)[O-],6.657867431640625,-5.287
dock,DB00213,COc1ccnc(c1OC)C[S@](=O)c2[nH]c3cc(ccc3n2)OC(F)F,6.585369110107422,-5.377
dock,DB00189,CC[C@@](/C=C/Cl)(C#C)O,6.546582937240601,-5.299
dock,DB00219,CC[N+](C)(CC)CCOC(=O)[C@@](c1ccccc1)(C2CCCCC2)O,6.711272954940796,-5.288
dock,DB00241,CC(C)CC1(C(=O)NC(=O)NC1=O)CC=C,6.934837341308594,-6.961
dock,DB00134,CSCC[C@@H](C(=O)[O-])[NH3+],7.102001190185547,-4.353
dock,DB00347,CC1(C(=O)N(C(=O)O1)C)C,6.81313681602478,-6.528
dock,DB00185,C[C@H]1O[C@]2(C[NH+]3CCC2CC3)CS1,7.14782452583313,-4.428
dock,DB00486,CCCCCCC(C)(C)c1cc(c2c(c1)OC([C@H]3[C@H]2CC(=O)CC3)(C)C)O,6.6376073360443115,-5.055
dock,DB00542,CCOC(=O)[C@H](CCc1ccccc1)[NH2+][C@H]2CCc3ccccc3N(C2=O)CC(=O)[O-],5.850708723068237,-5.044
dock,DB00217,CN/C(=[NH+]\C)/NCc1ccccc1,7.301427841186523,-6.501
dock,DB00249,c1c(c(=O)[nH]c(=O)n1[C@H]2C[C@@H]([C@H](O2)CO)O)I,7.216344594955444,-5.736
dock,DB00259,c1cc(ccc1N)S(=O)(=O)N,7.225438356399536,-4.85
dock,DB00213,COc1ccnc(c1OC)C[S@@](=O)c2[nH]c3cc(ccc3n2)OC(F)F,7.3557212352752686,-6.965
dock,DB00120,c1ccc(cc1)C[C@@H](C(=O)[O-])[NH3+],7.4996984004974365,-7.182
dock,DB00187,CC(C)[NH2+]C[C@H](COc1ccc(cc1)CCC(=O)OC)O,7.497063159942627,-6.496
dock,DB00231,CN1c2ccc(cc2C(=N[C@@H](C1=O)O)c3ccccc3)Cl,7.40937066078186,-7.421
dock,DB00221,CC[C@H]([C@H](c1ccc(c(c1)O)O)O)[NH2+]C(C)C,7.444337606430054,-8.322
dock,DB00313,CCCC(CCC)C(=O)[O-],7.405392408370972,-4.337
dock,DB00165,Cc1c(c(c(cn1)CO)CO)O,7.6635212898254395,-5.568
dock,DB00291,c1cc(ccc1CCCC(=O)[O-])N(CCCl)CCCl,7.4695305824279785,-5.952
dock,DB00238,Cc1ccnc2c1NC(=O)c3cccnc3N2C4CC4,7.614073276519775,-6.228
dock,DB00356,c1cc2c(cc1Cl)[nH]c(=O)o2,7.451598882675171,-5.707
dock,DB00237,CC[C@@H](C)C1(C(=O)NC(=O)NC1=O)CC,7.743592262268066,-7.073
dock,DB00149,CC(C)C[C@@H](C(=O)[O-])[NH3+],7.882325172424316,-5.469
dock,DB00186,c1ccc(c(c1)C2=N[C@@H](C(=O)Nc3c2cc(cc3)Cl)O)Cl,7.818004846572876,-6.451
dock,DB00135,c1cc(ccc1C[C@@H](C(=O)[O-])[NH3+])O,8.089133977890015,-7.254
dock,DB00311,CCOc1ccc2c(c1)sc(n2)S(=O)(=O)N,7.918576240539551,-7.293
dock,DB00297,CCCC[N@H+]1CCCC[C@H]1C(=O)Nc2c(cccc2C)C,7.966445207595825,-7.293
dock,DB00328,Cc1c(c2cc(ccc2n1C(=O)c3ccc(cc3)Cl)OC)CC(=O)[O-],7.937668800354004,-6.983
dock,DB00335,CC(C)[NH2+]C[C@@H](COc1ccc(cc1)CC(=O)N)O,7.989206075668335,-7.303
dock,DB00221,CC[C@H]([C@@H](c1ccc(c(c1)O)O)O)[NH2+]C(C)C,8.16912031173706,-7.168
dock,DB00344,C[NH2+]CCCC1c2ccccc2C=Cc3c1cccc3,8.007943630218506,-7.299
dock,DB00528,CC1=C([C@H](C(=C(N1)C)C(=O)OC(C)(C)C[N@@H+](C)CCC(c2ccccc2)c3ccccc3)c4cccc(c4)[N+](=O)[O-])C(=O)OC,7.493338108062744,-6.029
dock,DB00448,Cc1c(ccnc1C[S@@](=O)c2[nH]c3ccccc3n2)OCC(F)(F)F,7.8309032917022705,-5.577
dock,DB00237,CC[C@H](C)C1(C(=O)NC(=O)NC1=O)CC,11.134495735168457,-7.938
dock,DB00545,C[n+]1cccc(c1)OC(=O)N(C)C,7.973849296569824,-6.722
dock,DB00523,CC1=C(C(CCC1)(C)C)/C=C/C(=C\C=C\C(=C\C(=O)[O-])\C)/C,10.507460594177246,-6.543
dock,DB00550,CCCc1cc(=O)[nH]c(=S)[nH]1,7.748077869415283,-4.936
dock,DB00230,CC(C)C[C@@H](CC(=O)[O-])C[NH3+],11.205140829086304,-4.526
dock,DB00553,COc1c2c(ccc(=O)o2)cc3c1occ3,7.749746799468994,-9.614
dock,DB00247,CC[C@@H](CO)NC(=O)[C@H]1C[N@H+]([C@@H]2Cc3cn(c4c3c(ccc4)C2=C1)C)C,11.193977355957031,-6.872
dock,DB00368,c1cc(c(cc1[C@H](C[NH3+])O)O)O,11.00869345664978,-10.09
dock,DB00123,C(CC[NH3+])C[C@@H](C(=O)[O-])[NH3+],11.359262704849243,-5.174
dock,DB00388,C[NH2+]C[C@@H](c1cccc(c1)O)O,10.949398756027222,-6.64
dock,DB00181,c1cc(ccc1[C@H](CC(=O)[O-])C[NH3+])Cl,11.353402137756348,-7.442
dock,DB00376,c1ccc(cc1)[C@](CC[NH+]2CCCCC2)(C3CCCCC3)O,10.970804214477539,-8.237
dock,DB00244,c1cc(c(cc1N)C(=O)[O-])O,11.227742671966553,-5.558
dock,DB00289,Cc1ccccc1O[C@H](CC[NH2+]C)c2ccccc2,11.142995834350586,-7.072
dock,DB00505,CC[N+](CC)(CC)CC[C@](c1ccccc1)(C2CCCCC2)O,10.701029300689697,-5.575
dock,DB00555,c1cc(c(c(c1)Cl)Cl)c2c(nc(nn2)N)N,7.642419099807739,-9.092
dock,DB00224,CC(C)(C)NC(=O)[C@@H]1C[N@H+](CC[N@@]1C[C@H](C[C@@H](Cc2ccccc2)C(=O)N[C@H]3c4ccccc4C[C@H]3O)O)Cc5cccnc5,11.2699453830719,-6.127
dock,DB00227,CC[C@H](C)C(=O)O[C@H]1C[C@H](C=C2[C@H]1[C@H]([C@H](C=C2)C)CC[C@@H]3C[C@H](CC(=O)O3)O)C,11.27509331703186,-6.322
dock,DB00301,Cc1c(c(no1)c2c(cccc2Cl)F)C(=O)N[C@H]3[C@@H]4N(C3=O)[C@H](C(S4)(C)C)C(=O)[O-],11.331573724746704,-5.959
dock,DB00279,c1cc(c(cc1Oc2c(cc(cc2I)C[C@@H](C(=O)[O-])[NH3+])I)I)O,11.192153692245483,-6.5
dock,DB00306,CC[C@@H](C)C1(C(=O)NC(=O)NC1=O)CC=C,11.161650657653809,-8.059
dock,DB00396,CC(=O)[C@H]1CC[C@@H]2[C@@]1(CC[C@H]3[C@H]2CCC4=CC(=O)CC[C@]34C)C,10.939922571182251,-9.529
dock,DB00295,C[N@@H+]1CC[C@]23c4c5ccc(c4O[C@H]2[C@H](C=C[C@H]3[C@H]1C5)O)O,11.181121826171875,-5.932
dock,DB00341,c1ccc(cc1)[C@@H](c2ccc(cc2)Cl)N3CC[NH+](CC3)CCOCC(=O)[O-],11.125921487808228,-14.3
dock,DB00231,CN1c2ccc(cc2C(=N[C@H](C1=O)O)c3ccccc3)Cl,11.291149139404297,-9.994
dock,DB00370,C[N@@H+]1CCN2c3c(cccn3)Cc4ccccc4[C@@H]2C1,11.096803903579712,-8.519
dock,DB00381,CCOC(=O)C1=C(NC(=C([C@H]1c2ccccc2Cl)C(=O)OC)C)COCC[NH3+],11.027859210968018,-7.632
dock,DB00265,CCN(c1ccccc1C)C(=O)/C=C/C,11.228018283843994,-12.55
dock,DB00245,C[NH+]1[C@@H]2CC[C@H]1CC(C2)OC(c3ccccc3)c4ccccc4,11.292017459869385,-6.362
dock,DB00293,Cc1[nH]c2ccc(cc2c(=O)n1)CN(C)c3ccc(s3)C(=O)N[C@@H](CCC(=O)[O-])C(=O)[O-],11.20094895362854,-12.31
dock,DB00422,COC(=O)[C@H](c1ccccc1)[C@H]2CCCC[NH2+]2,10.929874420166016,-8.129
dock,DB00370,C[N@@H+]1CCN2c3c(cccn3)Cc4ccccc4[C@H]2C1,11.105999946594238,-8.241
dock,DB00292,CCOC(=O)c1cncn1[C@H](C)c2ccccc2,11.206786155700684,-6.831
dock,DB00209,c1ccc(cc1)C(c2ccccc2)(C(=O)OC3C[C@H]4CC[C@@H](C3)[N+]45CCCC5)O,11.342130184173584,-8.252
dock,DB00331,CN(C)C(=[NH2+])NC(=[NH2+])N,11.167648315429688,-7.754
dock,DB00357,CC[C@]1(CCC(=O)NC1=O)c2ccc(cc2)N,11.12605333328247,-9.795
dock,DB00395,CCC[C@](C)(COC(=O)N)COC(=O)NC(C)C,11.0220308303833,-7.855
dock,DB00423,COc1ccccc1OC[C@H](COC(=O)N)O,10.92880916595459,-8.375
dock,DB00593,CC[C@@]1(CC(=O)NC1=O)C,3.9742631912231445,-5.644
dock,DB00572,C[NH+]1[C@@H]2CC[C@H]1CC(C2)OC(=O)[C@@H](CO)c3ccccc3,5.57209849357605,-5.567
dock,DB00294,CC[C@]12CC(=C)[C@H]3[C@H]([C@@H]1CC[C@]2(C#C)O)CCC4=CC(=O)CC[C@H]34,11.224841833114624,-6.975
dock,DB00341,c1ccc(cc1)[C@H](c2ccc(cc2)Cl)N3CC[NH+](CC3)CCOCC(=O)[O-],11.166883945465088,-7.31
dock,DB00366,C[C@](c1ccccc1)(c2ccccn2)OCC[NH+](C)C,11.131916284561157,-7.027
dock,DB00440,COc1cc(cc(c1OC)OC)Cc2cnc(nc2N)N,10.925556659698486,-8.278
dock,DB00408,C[NH+]1CCN(CC1)C2=[NH+]c3ccccc3Oc4c2cc(cc4)Cl,10.973572969436646,-5.833
dock,DB00221,CC[C@@H]([C@@H](c1ccc(c(c1)O)O)O)[NH2+]C(C)C,11.344237565994263,-8.325
dock,DB00283,C[C@@](c1ccccc1)(c2ccc(cc2)Cl)OCC[C@H]3CCC[N@@H+]3C,11.237915515899658,-8.193
dock,DB00441,c1cn(c(=O)nc1N)[C@H]2C([C@@H]([C@H](O2)CO)O)(F)F,10.927842140197754,-7.675
dock,DB00456,CC(=O)OCC1=C(N2[C@@H]([C@@H](C2=O)NC(=O)Cc3cccs3)SC1)C(=O)[O-],10.911759853363037,-6.197
dock,DB00376,c1ccc(cc1)[C@@](CC[NH+]2CCCCC2)(C3CCCCC3)O,11.066684484481812,-6.659
dock,DB00382,c1ccc2c(c1)c(c3c([nH+]2)CCCC3)N,11.060357093811035,-6.252
dock,DB00357,CC[C@@]1(CCC(=O)NC1=O)c2ccc(cc2)N,11.15557312965393,-7.368
dock,DB00575,c1cc(c(c(c1)Cl)NC2=[NH+]CCN2)Cl,5.375528812408447,-7.211
dock,DB00365,Cc1c2c(cc(c1F)[N@]3CC[NH2+][C@H](C3)C)n(cc(c2=O)C(=O)[O-])C4CC4,11.152775287628174,-7.597
dock,DB00429,CCCCC[C@@](C)(/C=C/[C@H]1[C@H](C[C@@H]([C@@H]1C/C=C\CCCC(=O)[O-])O)O)O,10.959662437438965,-7.062
dock,DB00126,C([C@@H]([C@@H]1C(=C(C(=O)O1)O)[O-])O)O,11.500054121017456,-4.168
dock,DB00297,CCCC[N@H+]1CCCC[C@@H]1C(=O)Nc2c(cccc2C)C,11.413953304290771,-7.389
dock,DB00414,CC(=O)c1ccc(cc1)S(=O)(=O)NC(=O)NC2CCCCC2,10.999097347259521,-9.116
dock,DB00223,C[C@H]1C[C@H]2[C@@H]3C[C@@H](C4=CC(=O)C=C[C@@]4([C@]3([C@H](C[C@@]2([C@]1(C(=O)CO)O)C)O)F)C)F,11.373125314712524,-9.008
dock,DB00352,c1[nH]c2c(n1)[nH]c(nc2=S)N,11.191040277481079,-7.609
dock,DB00340,C[N@@H+]1CCC[C@H](C1)CC2c3ccccc3Sc4c2cccc4,11.213669300079346,-7.491
dock,DB00316,CC(=O)Nc1ccc(cc1)O,11.23957109451294,-6.527
dock,DB00324,C[C@H]1C[C@H]2[C@@H]3CC[C@@]([C@]3(C[C@@H]([C@@]2([C@@]4(C1=CC(=O)C=C4)C)F)O)C)(C(=O)C)O,11.23350191116333,-5.32
dock,DB00318,C[N@H+]1CC[C@]23c4c5ccc(c4O[C@H]2[C@H](C=C[C@H]3[C@H]1C5)O)OC,11.237746477127075,-5.163
dock,DB00334,Cc1cc2c(s1)Nc3ccccc3[NH+]=C2N4CC[NH+](CC4)C,11.219536304473877,-5.032
dock,DB00222,CCC1=C(CN(C1=O)C(=O)NCCc2ccc(cc2)S(=O)(=O)NC(=O)N[C@H]3CC[C@@H](CC3)C)C,11.380918741226196,-7.218
dock,DB00552,c1nc2c(n1[C@H]3C[C@@H]([C@H](O3)CO)O)[NH+]=CNC[C@H]2O,7.915163278579712,-6.208
dock,DB00216,C[N@@H+]1CCC[C@@H]1Cc2c[nH]c3c2cc(cc3)CCS(=O)(=O)c4ccccc4,11.39443325996399,-6.708
dock,DB00521,CC(C)(C)[NH2+]C[C@H](COc1cccc2c1CCC(=O)N2)O,10.754456520080566,-7.05
dock,DB00312,CCC[C@H](C)C1(C(=O)NC(=O)NC1=O)CC,11.24728798866272,-9.117
dock,DB00422,COC(=O)[C@@H](c1ccccc1)[C@@H]2CCCC[NH2+]2,10.999401092529297,-7.194
dock,DB00338,Cc1cnc(c(c1OC)C)C[S@](=O)c2[nH]c3cc(ccc3n2)OC,11.220686912536621,-6.343
dock,DB00312,CCC[C@@H](C)C1(C(=O)NC(=O)NC1=O)CC,11.248302221298218,-6.309
dock,DB00504,C=CC[N@@H+]1CC[C@]23CCCC[C@H]2[C@H]1Cc4c3cc(cc4)O,10.842031478881836,-8.71
dock,DB00593,CC[C@]1(CC(=O)NC1=O)C,4.013721704483032,-5.858
dock,DB00492,CCC(=O)O[C@H](C(C)C)O[P@](=O)(CCCCc1ccccc1)CC(=O)N2C[C@@H](C[C@H]2C(=O)[O-])C3CCCCC3,10.881781339645386,-6.194
dock,DB00306,CC[C@H](C)C1(C(=O)NC(=O)NC1=O)CC=C,11.261927604675293,-5.259
dock,DB00367,CC[C@]12CC[C@H]3[C@H]([C@@H]1CC[C@]2(C#C)O)CCC4=CC(=O)CC[C@H]34,11.18483829498291,-6.629
dock,DB00277,Cn1c2c(c(=O)n(c1=O)C)[nH]cn2,11.443717956542969,-6.26
dock,DB00216,C[N@H+]1CCC[C@@H]1Cc2c[nH]c3c2cc(cc3)CCS(=O)(=O)c4ccccc4,11.418370962142944,-5.61
dock,DB00247,CC[C@H](CO)NC(=O)[C@H]1C[N@@H+]([C@@H]2Cc3cn(c4c3c(ccc4)C2=C1)C)C,11.50348687171936,-8.099
dock,DB00381,CCOC(=O)C1=C(NC(=C([C@@H]1c2ccccc2Cl)C(=O)OC)C)COCC[NH3+],11.120842933654785,-9.09
dock,DB00191,CC(C)(Cc1ccccc1)[NH3+],11.320544481277466,-6.738
dock,DB00343,CC(=O)O[C@@H]1[C@@H](Sc2ccccc2N(C1=O)CC[NH+](C)C)c3ccc(cc3)OC,11.236910820007324,-6.535
dock,DB00374,CCCCC[C@@H](CC[C@@H]1[C@H]2Cc3cccc(c3C[C@H]2C[C@H]1O)OCC(=O)[O-])O,11.135415077209473,-6.973
dock,DB00332,CC(C)[N+]1([C@@H]2CC[C@H]1CC(C2)OC(=O)[C@@H](CO)c3ccccc3)C,11.25684380531311,-7.119
dock,DB00420,C[NH+](C)CCCN1c2ccccc2Sc3c1cccc3,11.0296630859375,-5.472
dock,DB00338,Cc1cnc(c(c1OC)C)C[S@@](=O)c2[nH]c3cc(ccc3n2)OC,11.2554612159729,-8.987
dock,DB00302,C1[C@@H](CC[C@H](C1)C(=O)[O-])C[NH3+],11.299650430679321,-6.714
dock,DB00285,C[NH+](C)C[C@@H](c1ccc(cc1)OC)C2(CCCCC2)O,11.322545528411865,-8.214
dock,DB00487,CCn1cc(c(=O)c2c1cc(c(c2)F)N3CC[NH+](CC3)C)C(=O)[O-],10.938419103622437,-8.414
dock,DB00477,C[NH+](C)CCCN1c2ccccc2Sc3c1cc(cc3)Cl,10.991700410842896,-7.034
dock,DB00235,Cc1c(cc(c(=O)[nH]1)C#N)c2ccncc2,11.46712613105774,-6.721
dock,DB00489,CC(C)[NH2+]C[C@H](c1ccc(cc1)NS(=O)(=O)C)O,11.000993490219116,-7.574
dock,DB00318,C[N@@H+]1CC[C@]23c4c5ccc(c4O[C@H]2[C@H](C=C[C@H]3[C@H]1C5)O)OC,11.521148920059204,-7.504
dock,DB00450,c1ccc2c(c1)[nH]c(=O)n2C3=CC[N@H+](CC3)CCCC(=O)c4ccc(cc4)F,11.29532766342163,-6.596
dock,DB00528,CC1=C([C@H](C(=C(N1)C)C(=O)OC(C)(C)C[N@H+](C)CCC(c2ccccc2)c3ccccc3)c4cccc(c4)[N+](=O)[O-])C(=O)OC,11.02271318435669,-6.486
dock,DB00461,CC(=O)CCc1ccc2cc(ccc2c1)OC,11.385498046875,-6.287
dock,DB00464,CCCC[C@H](CC)CC[C@H](CC(C)C)OS(=O)(=O)[O-],11.392247915267944,-9.637
dock,DB00254,C[C@H]1c2cccc(c2C(=O)C3=C([C@]4([C@@H]([C@H]([C@H]13)O)[C@@H](C(=C(C4=O)C(=O)N)[O-])[NH+](C)C)O)[O-])[O-],11.833503007888794,-6.653
dock,DB00450,c1ccc2c(c1)[nH]c(=O)n2C3=CC[N@@H+](CC3)CCCC(=O)c4ccc(cc4)F,11.537505388259888,-8.794
dock,DB00308,CCCCCCC[N@@H+](CC)CCC[C@H](c1ccc(cc1)NS(=O)(=O)C)O,11.863237619400024,-7.82
dock,DB00383,CN1CCC[NH+]=C1COC(=O)[C@](c2ccccc2)(C3CCCCC3)O,11.880674123764038,-6.617
dock,DB00404,Cc1nnc2n1-c3ccc(cc3C(=NC2)c4ccccc4)Cl,11.862410306930542,-7.82
dock,DB00308,CCCCCCC[N@@H+](CC)CCC[C@@H](c1ccc(cc1)NS(=O)(=O)C)O,12.112252473831177,-6.434
dock,DB00507,CC(=O)Oc1ccccc1C(=O)Nc2ncc(s2)[N+](=O)[O-],11.817423343658447,-7.463
dock,DB00379,Cc1cccc(c1OC[C@H](C)[NH3+])C,12.155921697616577,-6.994
dock,DB00548,C(CCCC(=O)[O-])CCCC(=O)[O-],9.109509944915771,-6.2
dock,DB00679,C[N@@H+]1CCCC[C@@H]1CCN2c3ccccc3Sc4c2cc(cc4)SC,1.1052963733673096,None
dock,DB00670,C[NH+]1CCN(CC1)CC(=O)N2c3ccccc3C(=O)Nc4c2nccc4,1.1236801147460938,None
dock,DB00637,COc1ccc(cc1)CC[NH+]2CCC(CC2)Nc3nc4ccccc4n3Cc5ccc(cc5)F,1.334648609161377,None
dock,DB00663,C[C@@H]1C[C@H]2[C@@H]3C[C@@H](C4=CC(=O)C=C[C@@]4([C@]3([C@H](C[C@@]2([C@]1(C(=O)CO)O)C)O)F)C)F,1.2954957485198975,None
dock,DB00583,C[N+](C)(C)C[C@@H](CC(=O)[O-])O,6.1936194896698,-3.975
dock,DB00422,COC(=O)[C@H](c1ccccc1)[C@@H]2CCCC[NH2+]2,12.4068763256073,-8.239
dock,DB00296,CCC[N@@H+]1CCCC[C@H]1C(=O)Nc2c(cccc2C)C,12.743091583251953,-8.498
dock,DB00366,C[C@@](c1ccccc1)(c2ccccn2)OCC[NH+](C)C,12.65386176109314,-8.504
dock,DB00269,COc1ccc(cc1)C(=C(c2ccc(cc2)OC)Cl)c3ccc(cc3)OC,12.788975954055786,-8.163
dock,DB00423,COc1ccccc1OC[C@@H](COC(=O)N)O,12.507307291030884,-7.766
dock,DB00463,CCC1(C(=O)NC(=O)N(C1=O)C)CC,12.466255903244019,-7.03
dock,DB00514,C[N@H+]1CC[C@@]23CCCC[C@@H]2[C@@H]1Cc4c3cc(cc4)OC,12.326785326004028,-7.787
dock,DB00454,CCOC(=O)C1(CC[NH+](CC1)C)c2ccccc2,12.587124109268188,-7.775
dock,DB00387,c1ccc(cc1)[C@@](CC[NH+]2CCCC2)(C3CCCCC3)O,12.78421950340271,-8.189
dock,DB00253,C[C@H]1C[C@H]2[C@@H]3CC[C@@H]([C@]3(C[C@@H]([C@@H]2[C@@]4(C1=CC(=O)CC4)C)O)C)C(=O)C,13.068655729293823,-6.948
dock,DB00220,Cc1c(cccc1O)C(=O)N[C@@H](CSc2ccccc2)[C@@H](C[N@@H+]3C[C@H]4CCCC[C@H]4C[C@H]3C(=O)NC(C)(C)C)O,13.157829999923706,-7.451
dock,DB00240,C[C@@H]1C[C@H]2[C@@H]3[C@@H](CC4=CC(=O)C=C[C@@]4([C@H]3[C@H](C[C@@]2([C@]1(C(=O)CO)O)C)O)C)Cl,13.161419153213501,-8.035
dock,DB00330,CC[C@@H](CO)[NH2+]CCN[C@@H](CC)CO,13.188579797744751,-10.81
dock,DB00392,CC[NH+](CC)[C@H](C)CN1c2ccccc2Sc3c1cccc3,13.053655862808228,-7.959
dock,DB00397,C[C@@H]([C@@H](c1ccccc1)O)[NH3+],12.989748001098633,-7.079
dock,DB00268,CCC[NH+](CCC)CCc1cccc2c1CC(=O)N2,13.337395906448364,-9.08
dock,DB00474,CCC#C[C@H](C)[C@]1(C(=O)NC(=O)N(C1=O)C)CC=C,13.136352062225342,-5.994
dock,DB00599,CCC[C@@H](C)C1(C(=O)NC(=S)NC1=O)CC,6.036775350570679,-6.076
dock,DB00327,C[N@@H+]1CC[C@]23c4c5ccc(c4O[C@H]2C(=O)CC[C@H]3[C@H]1C5)O,13.493563413619995,-6.819
dock,DB00574,CC[NH2+][C@@H](C)Cc1cccc(c1)C(F)(F)F,7.874463319778442,-6.405
dock,DB00434,C[NH+]1CCC(=C2c3ccccc3C=Cc4c2cccc4)CC1,13.3759024143219,-7.05
dock,DB00322,c1c(c(=O)[nH]c(=O)n1[C@H]2C[C@@H]([C@H](O2)CO)O)F,13.658655166625977,-7.441
dock,DB00443,C[C@H]1C[C@H]2[C@@H]3CCC4=CC(=O)C=C[C@@]4([C@]3([C@H](C[C@@]2([C@]1(C(=O)CO)O)C)O)F)C,13.422837495803833,-7.888
dock,DB00464,CCCC[C@@H](CC)CC[C@@H](CC(C)C)OS(=O)(=O)[O-],13.491456508636475,-7.171
dock,DB00353,CC[C@@H](CO)NC(=O)[C@H]1C[N@H+]([C@@H]2Cc3c[nH]c4c3c(ccc4)C2=C1)C,13.764170408248901,-8.24
dock,DB00449,CC(C)(C)C(=O)Oc1ccc(cc1OC(=O)C(C)(C)C)[C@@H](C[NH2+]C)O,13.541082859039307,-7.898
dock,DB00248,CCNC(=O)N(CCC[NH+](C)C)C(=O)[C@@H]1C[C@@H]2c3cccc4c3c(c[nH]4)C[C@H]2[N@@H+](C1)CC=C,13.977023601531982,-8.595
dock,DB00594,c1(c(nc(c(n1)Cl)N)N)C(=O)NC(=[NH2+])N,6.660908460617065,-7.212
dock,DB00554,C[N@]1C(=C(c2ccccc2S1(=O)=O)O)C(=O)Nc3ccccn3,10.454720258712769,-8.854
dock,DB00395,CCC[C@@](C)(COC(=O)N)COC(=O)NC(C)C,13.78725266456604,-8.959
dock,DB00574,CC[NH2+][C@H](C)Cc1cccc(c1)C(F)(F)F,8.204177141189575,-6.39
dock,DB00194,c1nc(c2c(n1)n(cn2)[C@H]3[C@H]([C@@H]([C@H](O3)CO)O)O)N,14.286612033843994,-6.443
dock,DB00211,COc1ccc(c(c1)[C@H](CNC(=O)C[NH3+])O)OC,14.453216791152954,-7.976
dock,DB00370,C[N@@H+]1CC[N@]2c3c(cccn3)Cc4ccccc4[C@H]2C1,14.231394052505493,-7.059
dock,DB00208,c1ccc(c(c1)C[N@H+]2CCc3c(ccs3)C2)Cl,14.475625276565552,-7.793
dock,DB00340,C[N@@H+]1CCC[C@@H](C1)CC2c3ccccc3Sc4c2cccc4,14.293445587158203,-13.48
dock,DB00554,C[N@@]1C(=C(c2ccccc2S1(=O)=O)O)C(=O)Nc3ccccn3,10.944634675979614,-7.691
dock,DB00424,C[NH+]1[C@@H]2CC[C@H]1CC(C2)OC(=O)[C@H](CO)c3ccccc3,14.124578952789307,-7.508
dock,DB00500,Cc1ccc(cc1)C(=O)c2ccc(n2C)CC(=O)[O-],14.108985185623169,-6.941
dock,DB00546,C[NH+](C)Cc1nnc2n1-c3ccc(cc3C(=NC2)c4ccccc4)Cl,11.313225269317627,-7.518
dock,DB00419,CCCC[N@H+]1C[C@@H]([C@H]([C@@H]([C@H]1CO)O)O)O,14.319794416427612,-6.861
dock,DB00136,C[C@H](CCCC(C)(C)O)[C@H]1CC[C@@H]\2[C@@]1(CCC/C2=C\C=C/3\C[C@H](C[C@@H](C3=C)O)O)C,14.920864343643188,-7.738
dock,DB00576,Cc1nnc(s1)NS(=O)(=O)c2ccc(cc2)N,8.55286455154419,-7.677
dock,DB00243,Cc1cccc(c1NC(=O)CN2CC[NH+](CC2)C[C@H](COc3ccccc3OC)O)C,14.851869106292725,-9.403
dock,DB00281,CC[NH+](CC)CC(=O)Nc1c(cccc1C)C,14.8275785446167,-8.697
dock,DB00449,CC(C)(C)C(=O)Oc1ccc(cc1OC(=O)C(C)(C)C)[C@H](C[NH2+]C)O,14.525842428207397,-6.721
dock,DB00426,CC(=O)OCC(CCn1cnc2c1nc(nc2)N)COC(=O)C,14.576319456100464,-9.305
dock,DB00333,CCC(=O)C(C[C@H](C)[NH+](C)C)(c1ccccc1)c2ccccc2,14.826294660568237,-7.379
dock,DB00247,CC[C@H](CO)NC(=O)[C@H]1C[N@H+]([C@@H]2Cc3cn(c4c3c(ccc4)C2=C1)C)C,14.91941785812378,-8.247
dock,DB00617,CC[C@@]1(C(=O)N(C(=O)O1)C)C,3.8417999744415283,-5.831
dock,DB00359,c1cnc(nc1)[N-]S(=O)(=O)c2ccc(cc2)N,14.950732231140137,-5.994
dock,DB00250,c1cc(ccc1N)S(=O)(=O)c2ccc(cc2)N,15.153474569320679,-8.396
dock,DB00607,CCOc1ccc2ccccc2c1C(=O)N[C@H]3[C@@H]4N(C3=O)[C@H](C(S4)(C)C)C(=O)[O-],7.032847881317139,-6.096
dock,DB00672,CCCNC(=O)NS(=O)(=O)c1ccc(cc1)Cl,4.261518239974976,-4.865
dock,DB00198,CCC(CC)O[C@@H]1C=C(C[C@@H]([C@H]1NC(=O)C)[NH3+])C(=O)OCC,15.76168942451477,-7.445
dock,DB00243,Cc1cccc(c1NC(=O)CN2CC[NH+](CC2)C[C@@H](COc3ccccc3OC)O)C,15.745973348617554,-7.14
dock,DB00275,CCCc1nc(c(n1Cc2ccc(cc2)c3ccccc3c4[n-]nnn4)C(=O)[O-])C(C)(C)O,15.742956638336182,-7.44
dock,DB00474,CCC#C[C@@H](C)[C@@]1(C(=O)NC(=O)N(C1=O)C)CC=C,15.389209508895874,-8.086
dock,DB00469,C[N@]1C(=C(c2c(ccs2)S1(=O)=O)O)C(=O)Nc3ccccn3,15.447585582733154,-8.03
dock,DB00609,CCc1cc(ccn1)C(=S)N,4.805912733078003,-6.137
dock,DB00204,C[N@H+](CCc1ccc(cc1)NS(=O)(=O)C)CCOc2ccc(cc2)NS(=O)(=O)C,16.046897888183594,-8.536
dock,DB00211,COc1ccc(c(c1)[C@@H](CNC(=O)C[NH3+])O)OC,16.084635019302368,-6.077
dock,DB00532,CC[C@@]1(C(=O)N(C(=O)N1)C)c2ccccc2,15.39691686630249,-6.16
dock,DB00411,C[N+](C)(C)CCOC(=O)N,15.79411005973816,-8.327
dock,DB00280,CC(C)[NH+](CC[C@](c1ccccc1)(c2ccccn2)C(=O)N)C(C)C,16.073240995407104,-8.742
dock,DB00473,C[C@H](C[NH2+]C1CCCCC1)OC(=O)c2ccccc2,15.695975542068481,-7.556
dock,DB00278,C[C@@H]1CCN([C@H](C1)C(=O)[O-])C(=O)[C@H](CCCNC(=[NH2+])N)NS(=O)(=O)c2cccc3c2NC[C@@H](C3)C,16.12315034866333,-6.974
dock,DB00295,C[N@H+]1CC[C@]23c4c5ccc(c4O[C@H]2[C@H](C=C[C@H]3[C@H]1C5)O)O,16.111785888671875,-8.125
dock,DB00391,CC[N@H+]1CCC[C@H]1CNC(=O)c2cc(ccc2OC)S(=O)(=O)N,15.944967031478882,-7.64
dock,DB00215,C[NH+](C)CCC[C@@]1(c2ccc(cc2CO1)C#N)c3ccc(cc3)F,16.275165796279907,-5.998
dock,DB00204,C[N@@H+](CCc1ccc(cc1)NS(=O)(=O)C)CCOc2ccc(cc2)NS(=O)(=O)C,16.36317205429077,-5.993
dock,DB00571,CC(C)[NH2+]C[C@@H](COc1cccc2c1cccc2)O,11.024351835250854,-9.949
dock,DB00528,CC1=C([C@@H](C(=C(N1)C)C(=O)OC(C)(C)C[N@H+](C)CCC(c2ccccc2)c3ccccc3)c4cccc(c4)[N+](=O)[O-])C(=O)OC,15.847673892974854,-7.111
dock,DB00246,c1ccc2c(c1)c(ns2)N3CC[NH+](CC3)CCc4cc5c(cc4Cl)NC(=O)C5,16.56495714187622,-6.136
dock,DB00266,c1ccc2c(c1)c(c(c(=O)o2)Cc3c(c4ccccc4oc3=O)[O-])[O-],16.506008625030518,-6.784
dock,DB00192,CC(C)[NH2+]CCCC1(c2ccccc2-c3c1cccc3)C(=O)N,16.577393770217896,-7.935
dock,DB00349,CN1c2ccc(cc2N(C(=O)CC1=O)c3ccccc3)Cl,16.61031436920166,-8.55
dock,DB00582,C[C@@H](c1c(cncn1)F)[C@](Cn2cncn2)(c3ccc(cc3F)F)O,10.301534652709961,-7.496
dock,DB00465,c1ccc(cc1)C(=O)c2ccc3n2CC[C@H]3C(=O)[O-],16.4541597366333,-6.16
dock,DB00379,Cc1cccc(c1OC[C@@H](C)[NH3+])C,16.739474773406982,-7.196
dock,DB00640,c1nc(c2c(n1)n(cn2)[C@H]3[C@@H]([C@@H]([C@H](O3)CO)O)O)N,5.730507135391235,-5.307
dock,DB00497,C[N@H+]1CC[C@]23c4c5ccc(c4O[C@H]2C(=O)CC[C@]3([C@H]1C5)O)OC,16.56653928756714,-6.834
dock,DB00448,Cc1c(ccnc1C[S@](=O)c2[nH]c3ccccc3n2)OCC(F)(F)F,16.79575252532959,-6.626
dock,DB00622,CC1=C([C@H](C(=C(N1)C)C(=O)OCC[N@@H+](C)Cc2ccccc2)c3cccc(c3)[N+](=O)[O-])C(=O)OC,5.962836980819702,-5.522
dock,DB00484,c1cc(c(c2c1nccn2)Br)NC3=[NH+]CCN3,16.828490734100342,-8.047
dock,DB00614,c1cc(oc1/C=N\N2CCOC2=O)[N+](=O)[O-],6.091940641403198,-6.307
dock,DB00505,CC[N+](CC)(CC)CC[C@@](c1ccccc1)(C2CCCCC2)O,16.78570818901062,-8.678
dock,DB00298,Cc1ccccc1N2CC[NH+](CC2)CCc3nnc4n3CCCC4,17.29236125946045,-6.093
dock,DB00517,CCCC(CCC)C(=O)OC1C[C@H]2CC[C@@H](C1)[N+]2(C)C,16.840856790542603,-7.889
dock,DB00280,CC(C)[NH+](CC[C@@](c1ccccc1)(c2ccccn2)C(=O)N)C(C)C,17.37271285057068,-5.58
dock,DB00725,C[N+]1([C@@H]2CC[C@H]1CC(C2)OC(=O)[C@H](c3ccccc3)O)C,4.587576150894165,-5.672
dock,DB00600,c1ccc(cc1)COc2ccc(cc2)O,9.850623607635498,-9.275
dock,DB00323,Cc1ccc(cc1)C(=O)c2cc(c(c(c2)O)[O-])[N+](=O)[O-],17.361108541488647,-7.93
dock,DB00547,C[C@@H]1C[C@H]2[C@@H]3CCC4=CC(=O)C=C[C@@]4([C@]3([C@H](C[C@@]2([C@H]1C(=O)CO)C)O)F)C,14.191824436187744,-7.545
dock,DB00711,CCN(CC)C(=O)N1CC[NH+](CC1)C,5.645229816436768,-6.042
dock,DB00568,c1ccc(cc1)/C=C\C[NH+]2CCN(CC2)C(c3ccccc3)c4ccccc4,12.183161973953247,-8.723
dock,DB00610,C[C@@H]([C@@H](c1cccc(c1)O)O)[NH3+],6.388378620147705,-8.031
dock,DB00628,c1ccc(cc1)C2=N[C@H](C(=O)Nc3c2cc(cc3)Cl)C(=O)[O-],6.304527759552002,-6.868
dock,DB00639,c1cc(c(c(c1)Cl)S[C@H](CCc2ccc(cc2)Cl)Cn3ccnc3)Cl,6.3240132331848145,-5.499
dock,DB00197,Cc1c(c2c(c(c1O)C)CC[C@@](O2)(C)COc3ccc(cc3)C[C@H]4C(=O)[N-]C(=O)S4)C,17.720829486846924,-30.37
dock,DB00304,CC[C@]12CC(=C)[C@H]3[C@H]([C@@H]1CC[C@]2(C#C)O)CCC4=CCCC[C@H]34,17.60591411590576,-6.794
dock,DB00271,CC(=O)Nc1c(c(c(c(c1I)NC(=O)C)I)C(=O)[O-])I,17.71343231201172,-7.867
dock,DB00221,CC[C@@H]([C@H](c1ccc(c(c1)O)O)O)[NH2+]C(C)C,17.84941029548645,-7.758
dock,DB00617,CC[C@]1(C(=O)N(C(=O)O1)C)C,6.620471954345703,-7.592
dock,DB00401,CC1=C([C@H](C(=C(N1)C)C(=O)OCC(C)C)c2ccccc2[N+](=O)[O-])C(=O)OC,17.537815809249878,-8.923
dock,DB00220,Cc1c(cccc1O)C(=O)N[C@@H](CSc2ccccc2)[C@@H](C[N@H+]3C[C@H]4CCCC[C@H]4C[C@H]3C(=O)NC(C)(C)C)O,17.908467054367065,-7.593
dock,DB00532,CC[C@]1(C(=O)N(C(=O)N1)C)c2ccccc2,17.419025897979736,-7.726
dock,DB00371,CCCC(C)(COC(=O)N)COC(=O)N,17.999686002731323,-7.65
dock,DB00699,Cn1cc2c3c1cccc3[C@]4(C[C@H](C[N@H+]([C@@H]4C2)C)COC(=O)c5cc(cnc5)Br)OC,6.964633464813232,-6.875
dock,DB00571,CC(C)[NH2+]C[C@H](COc1cccc2c1cccc2)O,12.916876792907715,-14.54
dock,DB00608,CC[NH+](CC)CCC[C@@H](C)Nc1cc[nH+]c2c1ccc(c2)Cl,10.16437840461731,-8.081
dock,DB00612,CC(C)[NH2+]C[C@H](COc1ccc(cc1)COCCOC(C)C)O,7.238213062286377,-6.237
dock,DB00719,C[NH+]1CCC(=C2c3ccccc3CCc4c2nccc4)CC1,6.092823505401611,-6.534
dock,DB00752,c1ccc(cc1)[C@@H]2C[C@H]2[NH3+],4.148528814315796,-6.909
dock,DB00752,c1ccc(cc1)[C@@H]2C[C@@H]2[NH3+],4.166068077087402,-7.175
dock,DB00752,c1ccc(cc1)[C@H]2C[C@H]2[NH3+],4.178486108779907,-6.981
dock,DB00723,C[C@@H]([C@@H](c1cc(ccc1OC)OC)O)[NH3+],5.972703218460083,-8.392
dock,DB00218,COc1c2c(cc(c1N3C[C@@H]4CCC[NH2+][C@@H]4C3)F)c(=O)c(cn2C5CC5)C(=O)[O-],18.819632530212402,-11.83
dock,DB00621,C[C@]12CC[C@H]3[C@H]([C@@H]1CC[C@]2(C)O)CC[C@@H]4[C@@]3(COC(=O)C4)C,7.4771740436553955,-6.219
dock,DB00433,C[NH+]1CCN(CC1)CCCN2c3ccccc3Sc4c2cc(cc4)Cl,18.410632610321045,-7.289
dock,DB00682,CC(=O)C[C@H](c1ccccc1)c2c(c3ccccc3oc2=O)[O-],7.438210487365723,-5.936
dock,DB00175,CC[C@H](C)C(=O)O[C@H]1C[C@@H](C=C2[C@H]1[C@H]([C@H](C=C2)C)CC[C@H](C[C@H](CC(=O)[O-])O)O)O,18.99913001060486,-8.314
dock,DB00398,CNC(=O)c1cc(ccn1)Oc2ccc(cc2)NC(=O)Nc3ccc(c(c3)C(F)(F)F)Cl,18.58477783203125,-8.825
dock,DB00651,Cn1c2c(c(=O)n(c1=O)C)n(cn2)C[C@H](CO)O,7.6202921867370605,-6.608
dock,DB00346,CN(CCCNC(=O)[C@H]1CCCO1)c2nc3cc(c(cc3c(n2)N)OC)OC,18.864005088806152,-7.817
dock,DB00717,C[C@]12CC[C@H]3[C@H]([C@@H]1CC[C@]2(C#C)O)CCC4=CC(=O)CC[C@H]34,6.611329555511475,-8.074
dock,DB00572,C[NH+]1[C@@H]2CC[C@H]1CC(C2)OC(=O)[C@H](CO)c3ccccc3,13.534034490585327,-7.822
dock,DB00651,Cn1c2c(c(=O)n(c1=O)C)n(cn2)C[C@@H](CO)O,7.789895534515381,-6.581
dock,DB00186,c1ccc(c(c1)C2=N[C@H](C(=O)Nc3c2cc(cc3)Cl)O)Cl,19.274334192276,-8.267
dock,DB00384,c1ccc(cc1)c2c(nc3c(n2)c(nc(n3)N)N)N,18.890921354293823,-7.088
dock,DB00660,Cc1cc(cc(c1)OC[C@H]2CNC(=O)O2)C,7.802566766738892,-6.204
dock,DB00668,C[NH2+]C[C@@H](c1ccc(c(c1)O)O)O,7.853404521942139,-6.558
dock,DB00636,CCOC(=O)C(C)(C)Oc1ccc(cc1)Cl,8.029544830322266,-6.605
dock,DB00633,Cc1cccc(c1C)[C@H](C)c2c[nH]cn2,8.057775974273682,-6.693
dock,DB00278,C[C@@H]1CCN([C@H](C1)C(=O)[O-])C(=O)[C@H](CCCNC(=[NH2+])N)NS(=O)(=O)c2cccc3c2NC[C@H](C3)C,19.31429648399353,-9.286
dock,DB00121,C1[C@H]2[C@@H]([C@@H](S1)CCCCC(=O)[O-])NC(=O)N2,19.561473608016968,-10.46
dock,DB00457,COc1cc2c(cc1OC)nc(nc2N)N3CCN(CC3)C(=O)c4ccco4,19.00094509124756,-7.765
dock,DB00751,c1ccc2c(c1)Cc3ccccc3N4[C@@H]2C[NH+]=C4N,5.326352119445801,-7.573
dock,DB00620,C[C@]12C[C@@H]([C@]3([C@H]([C@@H]1C[C@H]([C@@]2(C(=O)CO)O)O)CCC4=CC(=O)C=C[C@@]43C)F)O,8.224483251571655,-7.257
dock,DB00749,CCc1cccc2c1[nH]c3c2CCO[C@@]3(CC)CC(=O)[O-],5.54473876953125,-7.61
dock,DB00751,c1ccc2c(c1)Cc3ccccc3N4[C@H]2C[NH+]=C4N,5.360167741775513,-8.213
dock,DB00752,c1ccc(cc1)[C@H]2C[C@@H]2[NH3+],5.170956134796143,-8.934
dock,DB00643,COC(=O)Nc1[nH]c2cc(ccc2n1)C(=O)c3ccccc3,8.329005002975464,-8.224
dock,DB00613,CC[NH+](CC)Cc1cc(ccc1O)Nc2ccnc3c2ccc(c3)Cl,8.482389688491821,-8.295
dock,DB00750,CCC[NH2+][C@H](C)C(=O)Nc1ccccc1C,5.622872352600098,-7.606
dock,DB00270,CC1=C([C@H](C(=C(N1)C)C(=O)OC(C)C)c2cccc3c2non3)C(=O)OC,19.64407181739807,-8.235
dock,DB00543,c1ccc2c(c1)[NH+]=C(c3cc(ccc3O2)Cl)N4CC[NH2+]CC4,16.702072143554688,-8.862
dock,DB00474,CCC#C[C@@H](C)[C@]1(C(=O)NC(=O)N(C1=O)C)CC=C,19.2718403339386,-6.875
dock,DB00472,C[NH2+]CC[C@@H](c1ccccc1)Oc2ccc(cc2)C(F)(F)F,19.285751581192017,-7.176
dock,DB00754,CCN1C(=O)[C@H](NC1=O)c2ccccc2,5.269095182418823,-8.288
dock,DB00664,COc1c(nccn1)NS(=O)(=O)c2ccc(cc2)N,8.42083740234375,-8.174
dock,DB00692,Cc1ccc(cc1)N(CC2=[NH+]CCN2)c3cccc(c3)O,8.401528120040894,-8.705
dock,DB00299,c1nc2c(n1CCC(CO)CO)[nH]c(nc2=O)N,19.745624542236328,-5.771
dock,DB00589,CCN(CC)C(=O)N[C@@H]1C[N@H+]([C@@H]2Cc3c[nH]c4c3c(ccc4)C2=C1)C,12.588628768920898,-9.023
dock,DB00168,COC(=O)[C@H](Cc1ccccc1)NC(=O)[C@H](CC(=O)[O-])[NH3+],20.053065299987793,-6.274
dock,DB00754,CCN1C(=O)[C@@H](NC1=O)c2ccccc2,5.441509008407593,-7.992
dock,DB00176,COCCCC/C(=N\OCC[NH3+])/c1ccc(cc1)C(F)(F)F,20.135327577590942,-6.604
dock,DB00391,CC[N@@H+]1CCC[C@@H]1CNC(=O)c2cc(ccc2OC)S(=O)(=O)N,19.768881797790527,-12.66
dock,DB00521,CC(C)(C)[NH2+]C[C@@H](COc1cccc2c1CCC(=O)N2)O,19.50133514404297,-7.206
dock,DB00659,CC(=O)NCCCS(=O)(=O)[O-],8.78586721420288,-6.817
dock,DB00370,C[N@H+]1CC[N@]2c3c(cccn3)Cc4ccccc4[C@@H]2C1,20.078882455825806,-9.541
dock,DB00297,CCCC[N@@H+]1CCCC[C@@H]1C(=O)Nc2c(cccc2C)C,20.18568706512451,-7.729
dock,DB00724,CC(C)Cn1cnc2c1c3ccccc3nc2N,7.451153039932251,-6.738
dock,DB00296,CCC[N@H+]1CCCC[C@H]1C(=O)Nc2c(cccc2C)C,20.230955123901367,-8.966
dock,DB00387,c1ccc(cc1)[C@](CC[NH+]2CCCC2)(C3CCCCC3)O,20.11380386352539,-6.777
dock,DB00417,CC1([C@@H](N2[C@H](S1)[C@@H](C2=O)NC(=O)COc3ccccc3)C(=O)[O-])C,20.290770530700684,-7.524
dock,DB00474,CCC#C[C@H](C)[C@@]1(C(=O)NC(=O)N(C1=O)C)CC=C,20.242785930633545,-8.786
dock,DB00695,c1cc(oc1)CNc2cc(c(cc2C(=O)[O-])S(=O)(=O)N)Cl,9.431658267974854,-6.589
dock,DB00744,C[C@@H](c1cc2ccccc2s1)N(C(=O)N)O,7.170558214187622,-6.901
dock,DB00447,c1ccc(cc1)[C@H](C(=O)N[C@H]2[C@H]3CCC(=C(N3C2=O)C(=O)[O-])Cl)[NH3+],20.546016693115234,-8.781
dock,DB00634,CC(=O)NS(=O)(=O)c1ccc(cc1)N,9.727792739868164,-8.527
dock,DB00283,C[C@@](c1ccccc1)(c2ccc(cc2)Cl)OCC[C@H]3CCC[N@H+]3C,20.987032175064087,-7.104
dock,DB00478,C[C@H](C12CC3CC(C1)CC(C3)C2)[NH3+],20.615999698638916,-6.716
dock,DB00723,C[C@H]([C@@H](c1cc(ccc1OC)OC)O)[NH3+],8.323171138763428,-6.942
dock,DB00540,C[NH2+]CCC=C1c2ccccc2CCc3c1cccc3,20.364893436431885,-8.474
dock,DB00308,CCCCCCC[N@H+](CC)CCC[C@H](c1ccc(cc1)NS(=O)(=O)C)O,21.08324146270752,-5.816
dock,DB00196,c1cc(c(cc1F)F)C(Cn2cncn2)(Cn3cncn3)O,21.10579252243042,-6.947
dock,DB00365,Cc1c2c(cc(c1F)[N@]3CC[NH2+][C@@H](C3)C)n(cc(c2=O)C(=O)[O-])C4CC4,21.03071141242981,-7.074
dock,DB00723,C[C@@H]([C@H](c1cc(ccc1OC)OC)O)[NH3+],8.476550817489624,-5.335
dock,DB00490,c1cnc(nc1)N2CC[NH+](CC2)CCCCN3C(=O)CC4(CCCC4)CC3=O,20.759652137756348,-8.804
dock,DB00317,COc1cc2c(cc1OCCC[NH+]3CCOCC3)c(ncn2)Nc4ccc(c(c4)Cl)F,21.12816834449768,-6.799
dock,DB00308,CCCCCCC[N@H+](CC)CCC[C@@H](c1ccc(cc1)NS(=O)(=O)C)O,21.145403385162354,-6.118
dock,DB00400,C[C@@H]1CC(=O)C=C([C@]12C(=O)c3c(cc(c(c3O2)Cl)OC)OC)OC,21.101499795913696,-7.021
dock,DB00723,C[C@H]([C@H](c1cc(ccc1OC)OC)O)[NH3+],8.620540142059326,-7.464
dock,DB00383,CN1CCC[NH+]=C1COC(=O)[C@@](c2ccccc2)(C3CCCCC3)O,21.248281955718994,-8.564
dock,DB00303,C[C@@H]1[C@@H]2[C@H](C(=O)N2C(=C1S[C@H]3C[C@H]([NH2+]C3)C(=O)Nc4cccc(c4)C(=O)[O-])C(=O)[O-])[C@@H](C)O,21.439497709274292,-6.698
dock,DB00458,C[NH+](C)CCCN1c2ccccc2CCc3c1cccc3,21.137678861618042,-8.816
dock,DB00473,C[C@@H](C[NH2+]C1CCCCC1)OC(=O)c2ccccc2,21.129550218582153,-6.965
dock,DB00405,C[NH+](C)CC[C@@H](c1ccc(cc1)Br)c2ccccn2,21.377687454223633,-6.766
dock,DB00779,CCn1cc(c(=O)c2c1nc(cc2)C)C(=O)[O-],5.619555711746216,-6.458
dock,DB00485,Cc1c(c(no1)c2c(cccc2Cl)Cl)C(=O)N[C@H]3[C@@H]4N(C3=O)[C@H](C(S4)(C)C)C(=O)[O-],21.30785369873047,-8.192
dock,DB00247,CC[C@@H](CO)NC(=O)[C@H]1C[N@@H+]([C@@H]2Cc3cn(c4c3c(ccc4)C2=C1)C)C,21.824431896209717,-7.28
dock,DB00660,Cc1cc(cc(c1)OC[C@@H]2CNC(=O)O2)C,10.569996356964111,-9.339
dock,DB00639,c1cc(c(c(c1)Cl)S[C@@H](CCc2ccc(cc2)Cl)Cn3ccnc3)Cl,10.630873203277588,-8.241
dock,DB00750,CCC[NH2+][C@@H](C)C(=O)Nc1ccccc1C,7.958991527557373,-6.093
dock,DB00606,c1c2c(cc(c1Cl)S(=O)(=O)N)S(=O)(=O)N[C@@H](N2)[C@@H]3C[C@H]4C[C@@H]3C=C4,13.988829374313354,-9.033
dock,DB00655,C[C@]12CC[C@@H]3c4ccc(cc4CC[C@H]3[C@@H]1CCC2=O)O,10.743052244186401,-8.078
dock,DB00605,CC\1=C(c2cc(ccc2/C1=C\c3ccc(cc3)[S@@](=O)C)F)CC(=O)[O-],14.116943359375,-8.016
dock,DB00365,Cc1c2c(cc(c1F)N3CC[NH2+][C@@H](C3)C)n(cc(c2=O)C(=O)[O-])C4CC4,22.014190435409546,-8.179
dock,DB00749,CCc1cccc2c1[nH]c3c2CCO[C@]3(CC)CC(=O)[O-],8.35039758682251,-6.188
dock,DB00611,c1cc2c(cc1O)[C@]34CCCC[C@]3([C@H](C2)[N@@H+](CC4)CC5CCC5)O,11.325989007949829,-13.88
dock,DB00518,CCCSc1ccc2c(c1)[nH]c(n2)NC(=O)OC,21.9919011592865,-9.584
dock,DB00439,CC(C)c1c(c(c(c(n1)C(C)C)/C=C/[C@H](C[C@H](CC(=O)[O-])O)O)c2ccc(cc2)F)COC,22.237624168395996,-7.244
dock,DB00345,c1cc(ccc1C(=O)NCC(=O)[O-])N,22.520254850387573,-7.295
dock,DB00657,C[C@]1([C@H]2CC[C@H](C2)C1(C)C)[NH2+]C,11.384369611740112,-7.889
dock,DB00467,CCn1cc(c(=O)c2c1nc(c(c2)F)N3CC[NH2+]CC3)C(=O)[O-],22.328572988510132,-8.865
dock,DB00813,CCC(=O)N(c1ccccc1)C2CC[NH+](CC2)CCc3ccccc3,5.185752630233765,-9.726
dock,DB00810,c1ccc(cc1)[C@](CC[NH+]2CCCCC2)([C@H]3C[C@@H]4C[C@H]3C=C4)O,5.240316390991211,-8.866
dock,DB00791,c1c(c(=O)[nH]c(=O)[nH]1)N(CCCl)CCCl,6.344675540924072,-8.501
dock,DB00446,c1cc(ccc1[C@H]([C@@H](CO)NC(=O)C(Cl)Cl)O)[N+](=O)[O-],22.450965404510498,-5.639
dock,DB00765,C[C@](Cc1ccc(cc1)O)(C(=O)[O-])[NH3+],7.9171648025512695,-9.103
dock,DB00830,C[C@@H]1[C@@H](OCC[NH2+]1)c2ccccc2,4.277526140213013,-7.977
dock,DB00830,C[C@@H]1[C@H](OCC[NH2+]1)c2ccccc2,4.279902219772339,-8.216
dock,DB00578,CC1([C@@H](N2[C@H](S1)[C@@H](C2=O)NC(=O)[C@@H](c3ccccc3)C(=O)[O-])C(=O)[O-])C,16.521300554275513,-7.585
dock,DB00793,c1c(c(cc(c1Cl)Cl)Cl)OCC#CI,6.3708436489105225,-6.685
dock,DB00829,CN1c2ccc(cc2C(=NCC1=O)c3ccccc3)Cl,4.390697240829468,-8.017
dock,DB00270,CC1=C([C@@H](C(=C(N1)C)C(=O)OC(C)C)c2cccc3c2non3)C(=O)OC,22.97836995124817,-10.18
dock,DB00703,CC(=O)/N=c/1\n(nc(s1)S(=O)(=O)N)C,11.605111837387085,-9.192
dock,DB00830,C[C@H]1[C@@H](OCC[NH2+]1)c2ccccc2,4.5485289096832275,-7.934
dock,DB00494,CCN(CC)C(=O)/C(=C/c1cc(c(c(c1)O)[O-])[N+](=O)[O-])/C#N,22.713354110717773,-8.72
dock,DB00598,C[C@@H](CCc1ccccc1)[NH2+]C[C@H](c2ccc(c(c2)C(=O)N)O)O,15.910581588745117,-8.394
dock,DB00832,CN1C(=O)C[C@@H](C1=O)c2ccccc2,4.5946221351623535,-8.456
dock,DB00564,c1ccc2c(c1)C=Cc3ccccc3N2C(=O)N,19.596707582473755,-7.993
dock,DB00187,CC(C)[NH2+]C[C@@H](COc1ccc(cc1)CCC(=O)OC)O,23.51910710334778,-7.737
dock,DB00825,C[C@@H]1CC[C@H]([C@@H](C1)O)C(C)C,4.992727279663086,-5.38
dock,DB00832,CN1C(=O)C[C@H](C1=O)c2ccccc2,4.650390625,-8.24
dock,DB00601,CC(=O)NC[C@H]1CN(C(=O)O1)c2ccc(c(c2)F)N3CCOCC3,15.714804410934448,-7.564
dock,DB00625,c1cc2c(cc1Cl)[C@@](OC(=O)N2)(C#CC3CC3)C(F)(F)F,12.209294557571411,-7.651
dock,DB00824,CCCn1c2c(c(=O)[nH]c1=O)[nH]cn2,5.120253086090088,-5.419
dock,DB00775,CCCCS(=O)(=O)N[C@@H](Cc1ccc(cc1)OCCCCC2CC[NH2+]CC2)C(=O)[O-],7.542355537414551,-6.32
dock,DB00783,C[C@]12CC[C@@H]3c4ccc(cc4CC[C@H]3[C@@H]1CC[C@@H]2O)O,7.34133768081665,-9.798
dock,DB00562,c1ccc(cc1)CSCC2=Nc3cc(c(cc3S(=O)(=O)N2)S(=O)(=O)N)Cl,19.828304767608643,-9.26
dock,DB00590,COc1cc2c(cc1OC)nc(nc2N)N3CCN(CC3)C(=O)[C@H]4COc5ccccc5O4,16.30962347984314,-8.508
dock,DB00649,Cc1cn(c(=O)[nH]c1=O)[C@H]2C=C[C@H](O2)CO,12.245352745056152,-7.801
dock,DB00784,Cc1cccc(c1C)Nc2ccccc2C(=O)[O-],7.429469347000122,-6.893
dock,DB00606,c1c2c(cc(c1Cl)S(=O)(=O)N)S(=O)(=O)N[C@H](N2)[C@@H]3C[C@H]4C[C@@H]3C=C4,15.536633968353271,-8.54
dock,DB00596,C[C@H]1C[C@H]2[C@@H]3C[C@@H](C4=CC(=O)C=C[C@@]4([C@]3([C@H](C[C@@]2([C@]1(C(=O)CCl)O)C)O)F)C)F,16.313021659851074,-7.14
dock,DB00657,C[C@@]1([C@@H]2CC[C@@H](C2)C1(C)C)[NH2+]C,12.424322128295898,-7.074
dock,DB00557,c1ccc(cc1)[C@@H](c2ccc(cc2)Cl)N3CC[NH+](CC3)CCOCCO,20.16548490524292,-9.688
dock,DB00528,CC1=C([C@@H](C(=C(N1)C)C(=O)OC(C)(C)C[N@@H+](C)CCC(c2ccccc2)c3ccccc3)c4cccc(c4)[N+](=O)[O-])C(=O)OC,23.11730170249939,-9.076
dock,DB00481,c1cc(ccc1c2c(c3ccc(cc3s2)O)C(=O)c4ccc(cc4)OCC[NH+]5CCCCC5)O,23.318785667419434,-16.27
dock,DB00628,c1ccc(cc1)C2=N[C@@H](C(=O)Nc3c2cc(cc3)Cl)C(=O)[O-],12.54056429862976,-7.603
dock,DB00577,CC(C)[C@@H](C(=O)OCCOCn1cnc2c1[nH]c(nc2=O)N)[NH3+],17.535481691360474,-8.553
dock,DB00393,CC1=C([C@@H](C(=C(N1)C)C(=O)OC(C)C)c2cccc(c2)[N+](=O)[O-])C(=O)OCCOC,23.66797113418579,-9.96
dock,DB00677,CC(C)OP(=O)(OC(C)C)F,12.573999404907227,-8.873
dock,DB00624,C[C@]12CC[C@H]3[C@H]([C@@H]1CC[C@@H]2O)CCC4=CC(=O)CC[C@]34C,12.712639093399048,-3.914
dock,DB00197,Cc1c(c2c(c(c1O)C)CC[C@](O2)(C)COc3ccc(cc3)C[C@@H]4C(=O)[N-]C(=O)S4)C,24.090841054916382,-6.764
dock,DB00353,CC[C@@H](CO)NC(=O)[C@H]1C[N@@H+]([C@@H]2Cc3c[nH]c4c3c(ccc4)C2=C1)C,23.925734519958496,-8.741
dock,DB00645,CCCCOc1ccc(cc1)C(=O)CC[NH+]2CCCCC2,12.788045406341553,-7.545
dock,DB00598,C[C@H](CCc1ccccc1)[NH2+]C[C@H](c2ccc(c(c2)C(=O)N)O)O,16.645385265350342,-7.388
dock,DB00852,C[C@@H]([C@H](c1ccccc1)O)[NH2+]C,4.60747504234314,-6.887
dock,DB00598,C[C@H](CCc1ccccc1)[NH2+]C[C@@H](c2ccc(c(c2)C(=O)N)O)O,16.723898887634277,-7.224
dock,DB00170,CC1=CC(=O)c2ccccc2C1=O,24.481274127960205,-6.034
dock,DB00590,COc1cc2c(cc1OC)nc(nc2N)N3CCN(CC3)C(=O)[C@@H]4COc5ccccc5O4,17.120729446411133,-9.434
dock,DB00821,C[C@H](c1ccc2c3cc(ccc3[nH]c2c1)Cl)C(=O)[O-],6.247215032577515,-7.386
dock,DB00827,CCn1c2cc3c(cc2c(=O)c(n1)C(=O)[O-])OCO3,6.048547744750977,-6.833
dock,DB00726,C[C@H](CN1c2ccccc2CCc3c1cccc3)C[NH+](C)C,11.584019184112549,-6.661
dock,DB00665,CC1(C(=O)N(C(=O)N1)c2ccc(c(c2)C(F)(F)F)[N+](=O)[O-])C,13.184472560882568,-6.55
dock,DB00726,C[C@@H](CN1c2ccccc2CCc3c1cccc3)C[NH+](C)C,11.711370468139648,-8.228
dock,DB00370,C[N@H+]1CCN2c3c(cccn3)Cc4ccccc4[C@H]2C1,24.4481041431427,-7.573
dock,DB00465,c1ccc(cc1)C(=O)c2ccc3n2CC[C@@H]3C(=O)[O-],24.22609233856201,-8.063
dock,DB00821,C[C@@H](c1ccc2c3cc(ccc3[nH]c2c1)Cl)C(=O)[O-],6.487567186355591,-7.635
dock,DB00470,CCCCCc1cc(c2c(c1)OC([C@H]3[C@H]2C=C(CC3)C)(C)C)O,24.252042770385742,-6.632
dock,DB00656,c1ccn2c(c1)nn(c2=O)CCC[NH+]3CCN(CC3)c4cccc(c4)Cl,13.343129396438599,-7.67
dock,DB00219,CC[N+](C)(CC)CCOC(=O)[C@](c1ccccc1)(C2CCCCC2)O,24.77922558784485,-7.973
dock,DB00733,C[n+]1ccccc1/C=N/O,11.622809648513794,-7.117
dock,DB00652,C[C@H]1[C@H]2Cc3ccc(cc3[C@@]1(CC[N@@H+]2CC=C(C)C)C)O,13.420392990112305,-8.32
dock,DB00845,CC(C)/N=c/1\cc-2n(c3ccccc3nc2cc1Nc4ccc(cc4)Cl)c5ccc(cc5)Cl,5.361627817153931,-4.55
dock,DB00758,COC(=O)[C@H](c1ccccc1Cl)[N@@H+]2CCc3c(ccs3)C2,10.106898307800293,-15.0
dock,DB00703,CC(=O)/N=c\1/n(nc(s1)S(=O)(=O)N)C,13.299736261367798,-7.646
dock,DB00557,c1ccc(cc1)[C@H](c2ccc(cc2)Cl)N3CC[NH+](CC3)CCOCCO,21.23936438560486,-8.098
dock,DB00843,COc1cc2c(cc1OC)C(=O)[C@H](C2)CC3CC[NH+](CC3)Cc4ccccc4,5.537501573562622,-4.42
dock,DB00669,CNS(=O)(=O)Cc1ccc2c(c1)c(c[nH]2)CC[NH+](C)C,13.559545278549194,-6.88
dock,DB00853,Cn1c(=O)n2cnc(c2nn1)C(=O)N,5.257340669631958,-3.91
dock,DB00578,CC1([C@@H](N2[C@H](S1)[C@@H](C2=O)NC(=O)[C@H](c3ccccc3)C(=O)[O-])C(=O)[O-])C,18.46492314338684,-7.629
dock,DB00745,c1ccc(cc1)C(c2ccccc2)[S@](=O)CC(=O)N,11.122395277023315,-6.312
dock,DB00544,c1c(c(=O)[nH]c(=O)[nH]1)F,21.947300672531128,-6.929
dock,DB00527,CCCCOc1cc(c2ccccc2n1)C(=O)NCC[NH+](CC)CC,24.416954278945923,-8.054
dock,DB00721,CC[NH+](CC)CCOC(=O)c1ccc(cc1)N,12.768495082855225,-6.235
dock,DB00856,c1cc(ccc1OC[C@H](CO)O)Cl,5.537633419036865,-7.82
dock,DB00725,C[N+]1([C@@H]2CC[C@H]1CC(C2)OC(=O)[C@@H](c3ccccc3)O)C,12.469555139541626,-6.968
dock,DB00722,c1ccc(cc1)CC[C@@H](C(=O)[O-])[NH2+][C@@H](CCCC[NH3+])C(=O)N2CCC[C@H]2C(=O)[O-],12.706151723861694,-17.74
dock,DB00714,C[N@H+]1CCc2cccc-3c2[C@H]1Cc4c3c(c(cc4)O)O,13.209764003753662,-8.277
dock,DB00365,Cc1c2c(cc(c1F)N3CC[NH2+][C@H](C3)C)n(cc(c2=O)C(=O)[O-])C4CC4,25.324377298355103,-8.446
dock,DB00854,C[N@@H+]1CC[C@]23CCCC[C@H]2[C@H]1Cc4c3cc(cc4)O,5.870051860809326,-7.259
dock,DB00849,CC[C@@]1(C(=O)NC(=O)N(C1=O)C)c2ccccc2,6.105296850204468,-7.873
dock,DB00580,Cc1c(c(no1)c2ccccc2)c3ccc(cc3)S(=O)(=O)N,19.084546327590942,-7.529
dock,DB00327,C[N@H+]1CC[C@]23c4c5ccc(c4O[C@H]2C(=O)CC[C@H]3[C@H]1C5)O,25.66728162765503,-11.29
dock,DB00675,CC/C(=C(\c1ccccc1)/c2ccc(cc2)OCC[NH+](C)C)/c3ccccc3,14.432917356491089,-7.7
dock,DB00436,c1ccc(cc1)C[C@H]2Nc3cc(c(cc3S(=O)(=O)N2)S(=O)(=O)N)C(F)(F)F,25.540059089660645,-6.064
dock,DB00682,CC(=O)C[C@@H](c1ccccc1)c2c(c3ccccc3oc2=O)[O-],14.579233884811401,-7.842
dock,DB00830,C[C@H]1[C@H](OCC[NH2+]1)c2ccccc2,7.37140417098999,-6.683
dock,DB00489,CC(C)[NH2+]C[C@@H](c1ccc(cc1)NS(=O)(=O)C)O,25.54659652709961,-7.194
dock,DB00419,CCCC[N@@H+]1C[C@@H]([C@H]([C@@H]([C@H]1CO)O)O)O,25.67677617073059,-7.832
dock,DB00856,c1cc(ccc1OC[C@@H](CO)O)Cl,6.320523977279663,-6.024
dock,DB00716,CCCc1c2c(cc3c1oc(cc3=O)C(=O)[O-])c(=O)cc(n2CC)C(=O)[O-],13.628973245620728,-8.103
dock,DB00715,c1cc(ccc1[C@@H]2CC[NH2+]C[C@H]2COc3ccc4c(c3)OCO4)F,13.83580756187439,-8.982
dock,DB00504,C=CC[N@H+]1CC[C@]23CCCC[C@H]2[C@H]1Cc4c3cc(cc4)O,25.703379154205322,-6.521
dock,DB00522,c1ccc(cc1)C(=O)N[C@@H](Cc2ccc(cc2)O)C(=O)Nc3ccc(cc3)C(=O)[O-],25.655179500579834,-10.66
dock,DB00787,c1nc2c(n1COCCO)[nH]c(nc2=O)N,10.047135353088379,-5.667
dock,DB00348,c1cc(c(cc1C(F)(F)F)[N+](=O)[O-])C(=O)C2C(=O)CCCC2=O,26.150882959365845,-7.934
dock,DB00315,C[NH+](C)CCc1c[nH]c2c1cc(cc2)C[C@H]3COC(=O)N3,26.290982484817505,-11.19
dock,DB00817,CCn1cc(c(=O)c2c1cc(cc2)c3ccncc3)C(=O)[O-],8.812820434570312,-8.353
dock,DB00894,C[C@]12CC[C@H]3[C@H]([C@@H]1CCC(=O)O2)CCC4=CC(=O)C=C[C@]34C,5.224768877029419,-8.303
dock,DB00758,COC(=O)[C@H](c1ccccc1Cl)[N@H+]2CCc3c(ccs3)C2,11.940248966217041,-7.525
dock,DB00843,COc1cc2c(cc1OC)C(=O)[C@@H](C2)CC3CC[NH+](CC3)Cc4ccccc4,7.464190721511841,-7.009
dock,DB00476,C[NH2+]CC[C@@H](c1cccs1)Oc2cccc3c2cccc3,26.414653301239014,-7.397
dock,DB00859,CC(C)([C@H](C(=O)[O-])[NH3+])S,7.088388681411743,-7.414
dock,DB00804,CC[NH+](CC)CCOC(=O)C1(CCCCC1)C2CCCCC2,9.856714963912964,-7.781
dock,DB00842,c1ccc(cc1)C2=N[C@@H](C(=O)Nc3c2cc(cc3)Cl)O,7.944562911987305,-6.645
dock,DB00855,C(CC(=O)[O-])C(=O)C[NH3+],7.3848583698272705,-7.69
dock,DB00735,C[N@@H+](C/C=C/c1ccccc1)Cc2cccc3c2cccc3,13.937059879302979,-10.36
dock,DB00800,c1cc(ccc1[C@H]2C[NH2+]CCc3c2cc(c(c3Cl)O)O)O,10.266347646713257,-7.253
dock,DB00234,CCOc1ccccc1O[C@H](c2ccccc2)[C@H]3C[NH2+]CCO3,27.152735233306885,-8.38
dock,DB00195,CC(C)[NH2+]C[C@@H](COc1ccc(cc1)CCOCC2CC2)O,27.342768669128418,-7.635
dock,DB00842,c1ccc(cc1)C2=N[C@H](C(=O)Nc3c2cc(cc3)Cl)O,8.056524276733398,-6.941
dock,DB00845,CC(C)/N=c\1/cc-2n(c3ccccc3nc2cc1Nc4ccc(cc4)Cl)c5ccc(cc5)Cl,7.8966004848480225,-6.701
dock,DB00539,C[NH+](C)CCOc1ccc(cc1)/C(=C(/CCCl)\c2ccccc2)/c3ccccc3,26.540156841278076,-9.929
dock,DB00814,Cc1cnc(s1)NC(=O)C2=C(c3ccccc3S(=O)(=O)[N@]2C)O,9.70932149887085,-9.126
dock,DB00179,C[C@H](Cc1ccc(c(c1)O)O)[C@@H](C)Cc2ccc(c(c2)O)O,27.553355932235718,-12.26
dock,DB00735,C[N@H+](C/C=C/c1ccccc1)Cc2cccc3c2cccc3,14.133660793304443,-10.06
dock,DB00589,CCN(CC)C(=O)N[C@@H]1C[N@@H+]([C@@H]2Cc3c[nH]c4c3c(ccc4)C2=C1)C,20.387608289718628,-9.192
dock,DB00264,CC(C)[NH2+]C[C@@H](COc1ccc(cc1)CCOC)O,27.566627979278564,-7.422
dock,DB00679,C[N@H+]1CCCC[C@H]1CCN2c3ccccc3Sc4c2cc(cc4)SC,16.28895926475525,-9.404
dock,DB00735,C[N@H+](C/C=C\c1ccccc1)Cc2cccc3c2cccc3,14.34070897102356,-11.24
dock,DB00764,C[C@@H]1C[C@H]2[C@@H]3CCC4=CC(=O)C=C[C@@]4([C@]3([C@H](C[C@@]2([C@]1(C(=O)CCl)O)C)O)Cl)C,12.805163145065308,-9.246
dock,DB00818,CC(C)c1cccc(c1O)C(C)C,9.874234676361084,-6.601
dock,DB00816,CC(C)[NH2+]C[C@H](c1cc(cc(c1)O)O)O,9.977475643157959,-6.749
dock,DB00140,Cc1cc2c(cc1C)n(c-3nc(=O)[nH]c(=O)c3n2)C[C@@H]([C@@H]([C@@H](CO)O)O)O,27.936105489730835,-8.427
dock,DB00816,CC(C)[NH2+]C[C@@H](c1cc(cc(c1)O)O)O,10.069485187530518,-7.041
dock,DB00926,CCOC(=O)/C=C(\C)/C=C/C=C(/C)\C=C\c1c(cc(c(c1C)C)OC)C,4.402297735214233,-6.491
dock,DB00748,C[NH+](C)CCO[C@@H](c1ccc(cc1)Cl)c2ccccn2,13.908509731292725,-7.509
dock,DB00391,CC[N@H+]1CCC[C@@H]1CNC(=O)c2cc(ccc2OC)S(=O)(=O)N,27.587489366531372,-12.72
dock,DB00205,CCc1c(c(nc(n1)N)N)c2ccc(cc2)Cl,27.91178035736084,-7.323
dock,DB00468,COc1ccc2c(c1)c(ccn2)[C@H]([C@@H]3C[C@@H]4CC[N@H+]3C[C@@H]4C=C)O,27.480530738830566,-6.701
dock,DB00810,c1ccc(cc1)[C@@](CC[NH+]2CCCCC2)([C@@H]3C[C@H]4C[C@@H]3C=C4)O,10.45481538772583,-6.911
dock,DB00806,CC(=O)CCCCn1c(=O)c2c(ncn2C)n(c1=O)C,10.751810789108276,-6.59
dock,DB00841,C[C@@H](CCc1ccc(cc1)O)[NH2+]CCc2ccc(c(c2)O)O,8.811288595199585,-6.642
dock,DB00814,Cc1cnc(s1)NC(=O)C2=C(c3ccccc3S(=O)(=O)[N@@]2C)O,10.37654995918274,-6.967
dock,DB00867,C[C@@H]([C@@H](c1ccc(cc1)O)O)[NH2+]CCc2ccc(cc2)O,7.696938991546631,-6.506
dock,DB00808,C[C@H]1Cc2ccccc2[N@]1NC(=O)c3ccc(c(c3)S(=O)(=O)N)Cl,10.60386610031128,-5.802
dock,DB00734,Cc1c(c(=O)n2c(n1)CCCC2)CC[NH+]3CCC(CC3)c4c5ccc(cc5on4)F,14.925615787506104,-9.014
dock,DB00811,c1nc(nn1[C@H]2[C@@H]([C@@H]([C@H](O2)CO)O)O)C(=O)N,10.593010187149048,-5.568
dock,DB00936,c1ccc(c(c1)C(=O)[O-])O,4.3834216594696045,-6.485
dock,DB00870,C[C@@H](c1ccc(cc1)C(=O)c2cccs2)C(=O)[O-],7.8369622230529785,-6.638
dock,DB00809,CCN(Cc1ccncc1)C(=O)[C@@H](CO)c2ccccc2,10.764366388320923,-5.918
dock,DB00567,CC1=C(N2[C@@H]([C@@H](C2=O)NC(=O)[C@@H](c3ccccc3)[NH3+])SC1)C(=O)[O-],24.40414261817932,-7.992
dock,DB00880,c1c2c(cc(c1Cl)S(=O)(=O)N)S(=O)(=O)N=CN2,7.086451053619385,-7.311
dock,DB00815,CCCCCCCCCCCCOS(=O)(=O)[O-],10.627002477645874,-9.202
dock,DB00755,CC1=C(C(CCC1)(C)C)/C=C/C(=C/C=C/C(=C/C(=O)[O-])/C)/C,13.781933546066284,-7.997
dock,DB00287,CC(C)OC(=O)CCC/C=C\C[C@H]1[C@H](C[C@H]([C@@H]1/C=C/[C@H](COc2cccc(c2)C(F)(F)F)O)O)O,28.415624380111694,-6.842
dock,DB00870,C[C@H](c1ccc(cc1)C(=O)c2cccs2)C(=O)[O-],8.14450716972351,-6.406
dock,DB00835,C[NH+](C)CC[C@@H](c1ccc(cc1)Br)c2ccccn2,9.629521608352661,-7.646
dock,DB00514,C[N@@H+]1CC[C@@]23CCCC[C@@H]2[C@@H]1Cc4c3cc(cc4)OC,28.0939462184906,-6.579
dock,DB00907,C[N@H+]1[C@H]2CC[C@@H]1[C@H]([C@H](C2)OC(=O)c3ccccc3)C(=O)OC,6.167462110519409,-5.613
dock,DB00915,C1C2CC3CC1CC(C2)(C3)[NH3+],5.8605263233184814,-5.094
dock,DB00911,CCS(=O)(=O)CCn1c(ncc1[N+](=O)[O-])C,5.983341693878174,-5.713
dock,DB00635,C[C@]12CC(=O)[C@H]3[C@H]([C@@H]1CC[C@@]2(C(=O)CO)O)CCC4=CC(=O)C=C[C@]34C,17.428870677947998,-7.462
dock,DB00735,C[N@@H+](C/C=C\c1ccccc1)Cc2cccc3c2cccc3,15.499242305755615,-8.902
dock,DB01043,C[C@@]12CC3C[C@@](C1)(CC(C3)(C2)[NH3+])C,0.6891429424285889,None
dock,DB00951,c1cnccc1C(=O)NN,4.509841680526733,-6.052
dock,DB00561,CCN1C[C@@H](C(C1=O)(c2ccccc2)c3ccccc3)CC[NH+]4CCOCC4,25.225892066955566,-12.43
dock,DB00652,C[C@H]1[C@H]2Cc3ccc(cc3[C@@]1(CC[N@H+]2CC=C(C)C)C)O,17.68647813796997,-9.579
dock,DB00945,CC(=O)Oc1ccccc1C(=O)[O-],4.928893089294434,-5.494
dock,DB00698,c1cc(oc1/C=N/N2CC(=O)NC2=O)[N+](=O)[O-],17.645944833755493,-15.06
dock,DB00519,CCOC(=O)[C@H](CCc1ccccc1)[NH2+][C@@H](C)C(=O)N2[C@H]3CCCC[C@@H]3C[C@H]2C(=O)[O-],28.490243434906006,-8.072
dock,DB00792,C[NH+](C)CCN(Cc1ccccc1)c2ccccn2,12.531049251556396,-6.517
dock,DB00674,C[N@H+]1CC[C@@]23C=C[C@@H](C[C@@H]2Oc4c3c(ccc4OC)C1)O,17.745972394943237,-7.63
dock,DB00285,C[NH+](C)C[C@H](c1ccc(cc1)OC)C2(CCCCC2)O,29.030327320098877,-12.27
dock,DB00858,C[C@@H]1C[C@]2([C@@H](CC[C@@H]3[C@@H]2CC[C@]4([C@H]3CC[C@@H]4O)C)CC1=O)C,9.421769380569458,-8.389
dock,DB00736,Cc1cnc(c(c1OC)C)C[S@](=O)c2[nH]c3ccc(cc3n2)OC,15.824179887771606,-7.222
dock,DB00731,CC([C@H]1CC[C@@H](CC1)C(=O)N[C@@H](C(=O)[O-])Cc2ccccc2)C,16.159488439559937,-7.669
dock,DB00873,C[C@]12C[C@@H]([C@H]3[C@H]([C@@H]1CC[C@@]2(C(=O)OCCl)O)CCC4=CC(=O)C=C[C@]34C)O,8.39013671875,-8.291
dock,DB00799,CCOC(=O)c1ccc(nc1)C#Cc2ccc3c(c2)C(CCS3)(C)C,12.692204236984253,-7.528
dock,DB00874,COc1ccccc1OC[C@@H](CO)O,8.420884609222412,-6.773
dock,DB00874,COc1ccccc1OC[C@H](CO)O,8.331114292144775,-7.298
dock,DB00909,c1ccc2c(c1)c(no2)CS(=O)(=O)N,6.750793933868408,-5.414
dock,DB00264,CC(C)[NH2+]C[C@H](COc1ccc(cc1)CCOC)O,29.511693239212036,-8.918
dock,DB00214,Cc1cccc(c1)Nc2ccncc2S(=O)(=O)NC(=O)NC(C)C,29.492053985595703,-12.26
dock,DB00904,Cc1nccn1C[C@@H]2CCc3c(c4ccccc4n3C)C2=O,7.424816131591797,-8.417
dock,DB00674,C[N@@H+]1CC[C@@]23C=C[C@@H](C[C@@H]2Oc4c3c(ccc4OC)C1)O,18.125658988952637,-8.779
dock,DB00865,C[C@@H](Cc1ccccc1)[N@@H+](C)Cc2ccccc2,9.483183860778809,-8.131
dock,DB00839,Cc1ccc(cc1)S(=O)(=O)NC(=O)N[NH+]2CCCCCC2,10.473548650741577,-8.358
dock,DB00904,Cc1nccn1C[C@H]2CCc3c(c4ccccc4n3C)C2=O,7.554208278656006,-7.697
dock,DB00891,c1ccnc(c1)NS(=O)(=O)c2ccc(cc2)N,8.377761363983154,-8.139
dock,DB00671,C=CC1=C(N2[C@@H]([C@@H](C2=O)NC(=O)/C(=N\OCC(=O)[O-])/c3csc(n3)N)SC1)C(=O)[O-],18.40250563621521,-5.566
dock,DB00835,C[NH+](C)CC[C@H](c1ccc(cc1)Br)c2ccccn2,10.824554681777954,-6.061
dock,DB00809,CCN(Cc1ccncc1)C(=O)[C@H](CO)c2ccccc2,12.333852767944336,-8.278
dock,DB00879,c1c(c(nc(=O)n1[C@@H]2CS[C@@H](O2)CO)N)F,8.696402072906494,-6.184
dock,DB00585,C[NH2+]/C(=C\[N+](=O)[O-])/NCCSCc1csc(n1)C[NH+](C)C,22.92247748374939,-5.859
dock,DB00704,c1cc(c2c3c1C[C@@H]4[C@]5([C@]3(CC[N@@H+]4CC6CC6)[C@@H](O2)C(=O)CC5)O)O,18.254420518875122,-15.11
dock,DB00901,Cc1ccc(cc1)C(=O)Oc2ccc(cc2OC(=O)c3ccc(cc3)C)[C@@H](C[NH2+]C(C)(C)C)O,8.188377857208252,-10.45
dock,DB00346,CN(CCCNC(=O)[C@@H]1CCCO1)c2nc3cc(c(cc3c(n2)N)OC)OC,29.866398096084595,-8.04
dock,DB00618,C[NH+](C)[C@H]1[C@@H]2C[C@@H]3[C@@H](c4c(ccc(c4C(=O)C3=C([C@@]2(C(=O)C(=C1[O-])C(=O)N)O)[O-])[O-])Cl)O,18.850476264953613,-5.485
dock,DB00683,Cc1[nH+]cc2n1-c3ccc(cc3C(=NC2)c4ccccc4F)Cl,18.73248052597046,-13.79
dock,DB00255,CC/C(=C(/CC)\c1ccc(cc1)O)/c2ccc(cc2)O,30.07718801498413,-9.244
dock,DB00865,C[C@@H](Cc1ccccc1)[N@H+](C)Cc2ccccc2,10.090993642807007,-6.852
dock,DB00276,COc1cc(ccc1Nc2c3ccccc3nc4c2cccc4)NS(=O)(=O)C,30.148958206176758,-7.642
dock,DB00297,CCCC[N@@H+]1CCCC[C@H]1C(=O)Nc2c(cccc2C)C,30.13211178779602,-7.059
dock,DB00588,CCC(=O)O[C@@]1([C@@H](C[C@@H]2[C@@]1(C[C@@H]([C@]3([C@H]2C[C@@H](C4=CC(=O)C=C[C@@]43C)F)F)O)C)C)C(=O)SCF,23.173933267593384,-9.416
dock,DB00586,c1ccc(c(c1)CC(=O)[O-])Nc2c(cccc2Cl)Cl,23.346210479736328,-6.55
dock,DB00559,CC(C)(C)c1ccc(cc1)S(=O)(=O)Nc2c(c(nc(n2)c3ncccn3)OCCO)Oc4ccccc4OC,26.69867968559265,-8.095
dock,DB00914,c1ccc(cc1)CCNC(=[NH2+])NC(=[NH2+])N,7.57933783531189,-8.43
dock,DB00889,Cn1c2ccccc2c(n1)C(=O)NC3C[C@H]4CCC[C@@H](C3)[NH+]4C,9.142189741134644,-8.08
dock,DB00800,c1cc(ccc1[C@@H]2C[NH2+]CCc3c2cc(c(c3Cl)O)O)O,13.638508796691895,-8.304
dock,DB00916,Cc1ncc(n1CCO)[N+](=O)[O-],7.585293292999268,-8.642
dock,DB00808,C[C@@H]1Cc2ccccc2[N@]1NC(=O)c3ccc(c(c3)S(=O)(=O)N)Cl,13.347631454467773,-8.633
dock,DB00935,Cc1cc(c(c(c1CC2=[NH+]CCN2)C)O)C(C)(C)C,6.9728617668151855,-8.239
dock,DB00608,CC[NH+](CC)CCC[C@H](C)Nc1cc[nH+]c2c1ccc(c2)Cl,19.62246537208557,-6.795
dock,DB00902,C[N@H+]1CC[C@H](C1)CN2c3ccccc3Sc4c2cccc4,8.92260479927063,-7.763
dock,DB00902,C[N@@H+]1CC[C@H](C1)CN2c3ccccc3Sc4c2cccc4,9.124011754989624,-6.832
dock,DB00801,c1ccc(cc1)C2=NCC(=O)N(c3c2cc(cc3)Cl)CC(F)(F)F,14.092896938323975,-5.381
dock,DB00647,CCC(=O)O[C@](Cc1ccccc1)(c2ccccc2)[C@H](C)C[NH+](C)C,19.668219566345215,-10.82
dock,DB00568,c1ccc(cc1)/C=C/C[NH+]2CCN(CC2)C(c3ccccc3)c4ccccc4,27.199028968811035,-9.986
dock,DB00933,C[N@H+]1CCCC[C@H]1CCN2c3ccccc3Sc4c2cc(cc4)[S@@](=O)C,7.443018913269043,-5.321
dock,DB00881,CCOC(=O)[C@H](CCc1ccccc1)[NH2+][C@@H](C)C(=O)N2Cc3ccccc3C[C@H]2C(=O)[O-],9.916683435440063,-7.805
dock,DB00146,C[C@H](CCCC(C)(C)O)[C@H]1CC[C@@H]\2[C@@]1(CCC/C2=C\C=C/3\C[C@H](CCC3=C)O)C,31.307780027389526,-8.344
dock,DB00777,CCC(=O)c1ccc2c(c1)N(c3ccccc3S2)C[C@@H](C)[NH+](C)C,15.089066505432129,-10.48
dock,DB00956,C[N@@H+]1CC[C@]23c4c5ccc(c4O[C@H]2C(=O)CC[C@H]3[C@H]1C5)OC,6.808887958526611,-6.717
dock,DB00193,C[NH+](C)C[C@H]1CCCC[C@@]1(c2cccc(c2)OC)O,31.42282271385193,-6.925
dock,DB00943,c1cn(c(=O)nc1N)[C@H]2CC[C@H](O2)CO,7.3356547355651855,-8.15
dock,DB00924,C[NH+](C)CCC=C1c2ccccc2C=Cc3c1cccc3,8.428500890731812,-7.895
dock,DB00585,C[NH2+]/C(=C/[N+](=O)[O-])/NCCSCc1csc(n1)C[NH+](C)C,24.452616453170776,-5.192
dock,DB00709,c1cn(c(=O)nc1N)[C@@H]2CS[C@@H](O2)CO,19.595539093017578,-5.435
dock,DB00903,CCC(=C)C(=O)c1ccc(c(c1Cl)Cl)OCC(=O)[O-],9.505941152572632,-8.542
dock,DB00900,c1[nH]c2c(c(=O)n1)ncn2[C@H]3CC[C@H](O3)CO,10.017165660858154,-10.78
dock,DB00902,C[N@H+]1CC[C@@H](C1)CN2c3ccccc3Sc4c2cccc4,9.79123592376709,-8.764
dock,DB00805,Cc1cc(nnc1NCC[NH+]2CCOCC2)c3ccccc3,14.642990589141846,-9.583
dock,DB00871,CC(C)(C)[NH2+]C[C@H](c1cc(cc(c1)O)O)O,11.031827688217163,-6.262
dock,DB00992,COC(=O)CCC(=O)C[NH3+],5.334149122238159,-8.733
dock,DB00871,CC(C)(C)[NH2+]C[C@@H](c1cc(cc(c1)O)O)O,11.09917402267456,-6.013
dock,DB00788,C[C@@H](c1ccc2cc(ccc2c1)OC)C(=O)[O-],15.525565385818481,-6.612
dock,DB00892,CCCCOc1cc(ccc1N)C(=O)OCC[NH+](CC)CC,10.32656979560852,-7.787
dock,DB00760,C[C@@H]1[C@@H]2[C@H](C(=O)N2C(=C1S[C@H]3C[C@H]([NH2+]C3)C(=O)N(C)C)C(=O)[O-])[C@@H](C)O,16.91864514350891,-7.764
dock,DB00956,C[N@H+]1CC[C@]23c4c5ccc(c4O[C@H]2C(=O)CC[C@H]3[C@H]1C5)OC,7.23865270614624,-6.707
dock,DB00769,CC[NH+](CC)CC(=O)OCC(=O)[C@]1(CC[C@@H]2[C@@]1(C[C@@H]([C@H]3[C@H]2CCC4=CC(=O)CC[C@]34C)O)C)O,16.207897663116455,-6.813
dock,DB00897,Cc1nnc2n1-c3ccc(cc3C(=NC2)c4ccccc4Cl)Cl,10.299177408218384,-7.357
dock,DB00378,CC(=O)[C@H]1CC[C@@H]2[C@@]1(CC[C@@H]3[C@H]2C=CC4=CC(=O)CC[C@@]34C)C,31.627018928527832,-6.897
dock,DB00990,C[C@]12CC[C@H]3[C@H]([C@@H]1CCC2=O)CC(=C)C4=CC(=O)C=C[C@]34C,5.730996370315552,-5.527
dock,DB00770,CCCCC[C@@H](/C=C/[C@H]1[C@@H](CC(=O)[C@@H]1CCCCCCC(=O)[O-])O)O,16.318190336227417,-7.152
dock,DB01010,CC[N+](C)(C)c1cccc(c1)O,4.720397710800171,-6.431
dock,DB00808,C[C@H]1Cc2ccccc2[N@@]1NC(=O)c3ccc(c(c3)S(=O)(=O)N)Cl,14.726844072341919,-9.365
dock,DB00946,CC[C@@H](c1ccccc1)c2c(c3ccccc3oc2=O)[O-],8.037821054458618,-8.351
dock,DB01002,CCCC[N@H+]1CCCC[C@H]1C(=O)Nc2c(cccc2C)C,5.064154386520386,-6.483
dock,DB00875,c1ccc2c(c1)/C(=C/CC[NH+]3CCN(CC3)CCO)/c4cc(ccc4S2)C(F)(F)F,11.122934818267822,-9.392
dock,DB00497,C[N@@H+]1CC[C@]23c4c5ccc(c4O[C@H]2C(=O)CC[C@]3([C@H]1C5)O)OC,31.774853706359863,-8.398
dock,DB00996,C1CCC(CC1)(CC(=O)[O-])C[NH3+],5.614859342575073,-6.06
dock,DB00370,C[N@H+]1CCN2c3c(cccn3)Cc4ccccc4[C@@H]2C1,32.22607111930847,-7.539
dock,DB00988,c1cc(c(cc1CC[NH3+])O)O,6.239753246307373,-6.875
dock,DB01013,CCC(=O)O[C@@]1([C@H](C[C@@H]2[C@@]1(C[C@@H]([C@]3([C@H]2CCC4=CC(=O)C=C[C@@]43C)F)O)C)C)C(=O)CCl,5.021867275238037,-7.015
dock,DB00189,CC[C@](/C=C/Cl)(C#C)O,32.517791986465454,-9.207
dock,DB00748,C[NH+](C)CCO[C@H](c1ccc(cc1)Cl)c2ccccn2,18.865676164627075,-9.098
dock,DB00991,c1ccc(cc1)c2c(oc(n2)CCC(=O)[O-])c3ccccc3,6.511255502700806,-4.775
dock,DB01019,C[C@@H](C[N+](C)(C)C)OC(=O)N,5.282459020614624,-4.608
dock,DB00771,C[N+]12CCC(CC1)[C@H](C2)OC(=O)C(c3ccccc3)(c4ccccc4)O,17.181987762451172,-7.221
dock,DB01020,C1[C@@H]([C@@H]2[C@H](O1)[C@@H](CO2)O[N+](=O)[O-])O,5.286937713623047,-6.165
dock,DB00957,CC[C@]12CC[C@H]3[C@H]([C@@H]1CC[C@]2(C#C)OC(=O)C)CCC4=C/C(=N/O)/CC[C@H]34,8.584949254989624,-7.899
dock,DB00999,c1c2c(cc(c1Cl)S(=O)(=O)N)S(=O)(=O)NCN2,6.426021337509155,-7.303
dock,DB00993,Cn1cnc(c1Sc2c3c(nc[nH]3)ncn2)[N+](=O)[O-],6.613440275192261,-6.651
dock,DB00768,C[NH+](C)CC/C=C\1/c2ccccc2COc3c1cc(cc3)CC(=O)[O-],18.063052654266357,-8.943
dock,DB00998,C[NH2+][C@@H]1CCc2c(c3cc(ccc3[nH]2)C(=O)N)C1,6.624392986297607,-7.357
dock,DB00969,Cc1c(nc[nH]1)CN2CCc3c(c4ccccc4n3C)C2=O,8.511931896209717,-8.749
dock,DB00812,CCCCC1C(=O)N(N(C1=O)c2ccccc2)c3ccccc3,16.112540006637573,-9.269
dock,DB00679,C[N@H+]1CCCC[C@@H]1CCN2c3ccccc3Sc4c2cc(cc4)SC,22.435678482055664,-9.659
dock,DB00961,Cc1cccc(c1NC(=O)[C@H]2CCCC[N@@H+]2C)C,9.098176956176758,-8.001
dock,DB01012,C[C@H](c1cccc2c1cccc2)[NH2+]CCCc3cccc(c3)C(F)(F)F,6.453287363052368,-7.595
dock,DB00968,C[C@](Cc1ccc(c(c1)O)O)(C(=O)[O-])[NH3+],9.093087911605835,-5.771
dock,DB00759,C[C@]1(c2cccc(c2C(=O)C3=C([C@]4([C@@H](C[C@@H]31)[C@@H](C(=C(C4=O)C(=O)N)[O-])[NH+](C)C)O)[O-])[O-])O,19.13226890563965,-7.147
dock,DB01018,c1cc(c(c(c1)Cl)CC(=O)NC(=[NH2+])N)Cl,6.30549168586731,-7.811
dock,DB00820,CN1CC(=O)N2[C@@H](C1=O)Cc3c4ccccc4[nH]c3[C@H]2c5ccc6c(c5)OCO6,16.058532238006592,-0.379
dock,DB01011,CC(C)(c1cccnc1)C(=O)c2cccnc2,6.610974311828613,-7.425
dock,DB00967,c1cc2c(nc1)C(=C3CC[NH2+]CC3)c4ccc(cc4CC2)Cl,9.252205848693848,-6.813
dock,DB00961,Cc1cccc(c1NC(=O)[C@@H]2CCCC[N@H+]2C)C,9.43594241142273,-5.715
dock,DB00777,CCC(=O)c1ccc2c(c1)N(c3ccccc3S2)C[C@H](C)[NH+](C)C,18.01161766052246,-7.61
dock,DB01009,C[C@@H](c1cccc(c1)C(=O)c2ccccc2)C(=O)[O-],6.950623512268066,-8.559
dock,DB00860,C[C@]12C[C@@H]([C@H]3[C@H]([C@@H]1CC[C@@]2(C(=O)CO)O)CCC4=CC(=O)C=C[C@]34C)O,14.443187713623047,-8.573
dock,DB00857,CC(C)(C)C#C/C=C/C[N@@H+](C)Cc1cccc2c1cccc2,14.607645750045776,-10.46
dock,DB00823,CC(=O)O[C@H]1CC[C@@H]2[C@H]3CC[C@]4([C@H]([C@@H]3CCC2=C1)CC[C@]4(C#C)OC(=O)C)C,15.96249508857727,-7.824
dock,DB00772,CCOC(=O)C[C@@H](C(=O)OCC)SP(=S)(OC)OC,18.520519495010376,-5.813
dock,DB01044,C[C@@H]1C[N@@](CC[NH2+]1)c2c(cc3c(c2OC)n(cc(c3=O)C(=O)[O-])C4CC4)F,6.199158430099487,-8.848
dock,DB01003,c1cc2c(c(c1)OCC(COc3cccc4c3c(=O)cc(o4)C(=O)[O-])O)c(=O)cc(o2)C(=O)[O-],7.295694351196289,-7.453
dock,DB01019,C[C@H](C[N+](C)(C)C)OC(=O)N,6.8852174282073975,-13.32
dock,DB01044,C[C@H]1CN(CC[NH2+]1)c2c(cc3c(c2OC)n(cc(c3=O)C(=O)[O-])C4CC4)F,6.384082555770874,-9.336
dock,DB01056,Cc1cccc(c1NC(=O)[C@@H](C)[NH3+])C,5.91932225227356,-6.076
dock,DB01056,Cc1cccc(c1NC(=O)[C@H](C)[NH3+])C,5.91518235206604,-5.87
dock,DB01053,CC1([C@@H](N2[C@H](S1)[C@@H](C2=O)NC(=O)Cc3ccccc3)C(=O)[O-])C,6.021883010864258,-6.474
dock,DB00963,c1cc(c(c(c1)C(=O)c2ccc(cc2)Br)N)CC(=O)[O-],9.951207637786865,-6.776
dock,DB00436,c1ccc(cc1)C[C@@H]2Nc3cc(c(cc3S(=O)(=O)N2)S(=O)(=O)N)C(F)(F)F,34.462220668792725,-8.966
dock,DB00896,CCC(=O)[C@]1([C@@H](C[C@@H]2[C@@]1(C[C@@H]([C@H]3[C@H]2CCC4=CC(=O)C=C[C@]34C)O)C)C)C,13.365128993988037,-7.343
dock,DB01007,c1cc(c(cc1Cl)Cl)[C@H](Cn2ccnc2)OCc3ccsc3Cl,7.602961540222168,-6.299
dock,DB00767,CCN(CC)C(=O)[C@H]1C[N@@H+]2CCc3cc(c(cc3[C@H]2C[C@H]1OC(=O)C)OC)OC,19.914062023162842,-7.522
dock,DB00866,CC(C)[NH2+]C[C@H](COc1ccccc1CC=C)O,14.619503736495972,-7.548
dock,DB00772,CCOC(=O)C[C@H](C(=O)OCC)SP(=S)(OC)OC,19.000381469726562,-4.847
dock,DB01023,CCOC(=O)C1=C(NC(=C([C@H]1c2cccc(c2Cl)Cl)C(=O)OC)C)C,7.093388319015503,-5.753
dock,DB00949,c1ccc(cc1)C(COC(=O)N)COC(=O)N,10.726450681686401,-8.04
dock,DB01044,C[C@@H]1C[N@](CC[NH2+]1)c2c(cc3c(c2OC)n(cc(c3=O)C(=O)[O-])C4CC4)F,6.77453351020813,-5.972
dock,DB00599,CCC[C@H](C)C1(C(=O)NC(=S)NC1=O)CC,27.389775037765503,-7.949
dock,DB00810,c1ccc(cc1)[C@@](CC[NH+]2CCCCC2)([C@H]3C[C@@H]4C[C@H]3C=C4)O,17.54696559906006,-9.177
dock,DB00611,c1cc2c(cc1O)[C@]34CCCC[C@]3([C@H](C2)[N@H+](CC4)CC5CCC5)O,23.873298168182373,-7.249
dock,DB00767,CCN(CC)C(=O)[C@H]1C[N@H+]2CCc3cc(c(cc3[C@@H]2C[C@@H]1OC(=O)C)OC)OC,20.064207792282104,-7.083
dock,DB00857,CC(C)(C)C#C/C=C/C[N@H+](C)Cc1cccc2c1cccc2,15.401780366897583,-8.289
dock,DB00831,C[NH+]1CCN(CC1)CCCN2c3ccccc3Sc4c2cc(cc4)C(F)(F)F,16.552942276000977,-7.391
dock,DB01037,C[C@H](Cc1ccccc1)[N@@H+](C)CC#C,7.439407110214233,-6.151
dock,DB00989,CCN(C)C(=O)Oc1cccc(c1)[C@H](C)[NH+](C)C,9.245710611343384,-6.153
dock,DB01107,CCC1(C(=O)[C@@H](CNC1=O)C)CC,4.562440633773804,-6.687
dock,DB01114,C[NH+](C)CC[C@H](c1ccc(cc1)Cl)c2ccccn2,4.362895250320435,-8.077
dock,DB00837,c1cc(ccc1/C(=N/CCCC(=O)N)/c2cc(ccc2O)F)Cl,16.506808042526245,-8.07
dock,DB00962,CCN(c1cccc(c1)c2ccnc3n2ncc3C#N)C(=O)C,10.879503726959229,-7.59
dock,DB00866,CC(C)[NH2+]C[C@@H](COc1ccccc1CC=C)O,15.530415773391724,-7.49
dock,DB00961,Cc1cccc(c1NC(=O)[C@H]2CCCC[N@H+]2C)C,10.957252502441406,-8.241
dock,DB00614,c1cc(oc1/C=N/N2CCOC2=O)[N+](=O)[O-],24.53243613243103,-7.809
dock,DB01107,CCC1(C(=O)[C@H](CNC1=O)C)CC,4.7730185985565186,-5.809
dock,DB00942,c1ccc(cc1)[C@@](CC[NH+]2CCCCC2)(C3CCCC3)O,11.881866931915283,-8.978
dock,DB00978,CCn1cc(c(=O)c2c1c(c(c(c2)F)[N@]3CC[NH2+][C@H](C3)C)F)C(=O)[O-],10.435180425643921,-8.44
dock,DB00953,C[NH+](C)CCc1c[nH]c2c1cc(cc2)Cn3cncn3,11.439630270004272,-6.525
dock,DB00961,Cc1cccc(c1NC(=O)[C@@H]2CCCC[N@@H+]2C)C,11.304273128509521,-10.57
dock,DB00844,c1cc(c2c3c1C[C@@H]4[C@]5([C@]3(CC[N@@H+]4CC6CCC6)[C@@H](O2)[C@H](CC5)O)O)O,16.60398030281067,-7.615
dock,DB00714,C[N@@H+]1CCc2cccc-3c2[C@H]1Cc4c3c(c(cc4)O)O,23.826525449752808,-8.233
dock,DB01021,c1c2c(cc(c1Cl)S(=O)(=O)N)S(=O)(=O)N[C@@H](N2)C(Cl)Cl,8.385471820831299,-7.053
dock,DB01021,c1c2c(cc(c1Cl)S(=O)(=O)N)S(=O)(=O)N[C@H](N2)C(Cl)Cl,8.395119190216064,-7.245
dock,DB01058,c1ccc2c(c1)CCN3[C@@H]2CN(CC3=O)C(=O)C4CCCCC4,7.347334861755371,-7.113
dock,DB00776,c1ccc2c(c1)CC(=O)c3ccccc3N2C(=O)N,20.18421745300293,-7.998
dock,DB00807,CCCOc1ccc(cc1N)C(=O)OCC[NH+](CC)CC,19.007013082504272,-7.469
dock,DB00960,CC(C)[NH2+]C[C@@H](COc1cccc2c1cc[nH]2)O,11.72275686264038,-7.802
dock,DB00978,CCn1cc(c(=O)c2c1c(c(c(c2)F)N3CC[NH2+][C@H](C3)C)F)C(=O)[O-],11.114047527313232,-11.98
dock,DB01121,c1ccc(cc1)CC(=O)NC(=O)N,5.034301519393921,-8.034
dock,DB00985,C[NH+](C)CCOC(c1ccccc1)c2ccccc2,10.468169450759888,-7.374
dock,DB00737,Cc1cccc(c1)C[NH+]2CCN(CC2)[C@H](c3ccccc3)c4ccc(cc4)Cl,22.940335750579834,-9.759
dock,DB00833,c1ccc(cc1)[C@H](C(=O)N[C@H]2[C@@H]3N(C2=O)C(=C(CS3)Cl)C(=O)[O-])[NH3+],17.736479997634888,-8.628
dock,DB00838,C[C@@H]1C[C@H]2[C@@H]3C[C@@H](C4=CC(=O)C=C[C@@]4([C@]3([C@H](C[C@@]2([C@H]1C(=O)CO)C)O)Cl)C)F,17.521451711654663,-8.448
dock,DB01058,c1ccc2c(c1)CCN3[C@H]2CN(CC3=O)C(=O)C4CCCCC4,7.735121488571167,-7.804
dock,DB00964,c1c(cc(c(c1Cl)NC2=[NH+]CCN2)Cl)N,11.8552885055542,-8.907
dock,DB00767,CCN(CC)C(=O)[C@@H]1C[N@@H+]2CCc3cc(c(cc3[C@H]2C[C@H]1OC(=O)C)OC)OC,21.71962809562683,-10.55
dock,DB00418,CCC[C@H](C)C1(C(=O)NC(=O)NC1=O)CC=C,36.35128474235535,-7.518
dock,DB00972,C[N@H+]1CCC[C@@H](CC1)n2c(=O)c3ccccc3c(n2)Cc4ccc(cc4)Cl,11.737241983413696,-8.154
dock,DB00982,CC1=C(C(CCC1)(C)C)/C=C/C(=C/C=C/C(=C\C(=O)[O-])/C)/C,11.151689529418945,-8.803
dock,DB00697,c1cc(c(c2c1nsn2)NC3=[NH+]CCN3)Cl,25.39299702644348,-7.554
dock,DB00459,Cc1cc(c(c(c1/C=C/C(=C/C=C/C(=C/C(=O)[O-])/C)/C)C)C)OC,36.402698278427124,-9.324
dock,DB00197,Cc1c(c2c(c(c1O)C)CC[C@](O2)(C)COc3ccc(cc3)C[C@H]4C(=O)[N-]C(=O)S4)C,36.92446541786194,-8.075
dock,DB00810,c1ccc(cc1)[C@](CC[NH+]2CCCCC2)([C@@H]3C[C@H]4C[C@@H]3C=C4)O,19.41254949569702,-6.63
dock,DB00933,C[N@@H+]1CCCC[C@H]1CCN2c3ccccc3Sc4c2cc(cc4)[S@@](=O)C,13.4204740524292,-6.704
dock,DB00907,C[N@@H+]1[C@H]2CC[C@@H]1[C@H]([C@H](C2)OC(=O)c3ccccc3)C(=O)OC,14.6986825466156,-7.719
dock,DB00906,Cc1ccsc1C(=CCC[N@H+]2CCC[C@H](C2)C(=O)[O-])c3c(ccs3)C,14.906712770462036,-12.0
dock,DB01064,CC(C)[NH2+]C[C@H](c1ccc(c(c1)O)O)O,8.202347040176392,-6.035
dock,DB00819,CC(=O)Nc1nnc(s1)S(=O)(=O)N,19.48840308189392,-6.483
dock,DB00757,c1ccc2c(c1)c(c[nH]2)C(=O)OC3C[C@H]4CC5C[C@@H](C3)[NH+]4CC5=O,22.744425058364868,-7.609
dock,DB00802,CCC(=O)N(c1ccccc1)C2(CC[NH+](CC2)CCn3c(=O)n(nn3)CC)COC,20.46651029586792,-10.6
dock,DB00561,CCN1C[C@H](C(C1=O)(c2ccccc2)c3ccccc3)CC[NH+]4CCOCC4,33.859578371047974,-7.311
dock,DB00931,C[NH+](C)[C@H]1[C@@H]2[C@H]([C@@H]3C(=C)c4cccc(c4C(=O)C3=C([C@@]2(C(=O)C(=C1[O-])C(=O)N)O)[O-])[O-])O,14.06002140045166,-8.163
dock,DB00978,CCn1cc(c(=O)c2c1c(c(c(c2)F)N3CC[NH2+][C@@H](C3)C)F)C(=O)[O-],12.48681926727295,-7.835
dock,DB01105,CC(C)C[C@@H](C1(CCC1)c2ccc(cc2)Cl)[NH+](C)C,7.065154790878296,-9.948
dock,DB00978,CCn1cc(c(=O)c2c1c(c(c(c2)F)[N@]3CC[NH2+][C@@H](C3)C)F)C(=O)[O-],12.389967918395996,-10.42
dock,DB00960,CC(C)[NH2+]C[C@H](COc1cccc2c1cc[nH]2)O,13.185673236846924,-6.526
dock,DB00978,CCn1cc(c(=O)c2c1c(c(c(c2)F)[N@@]3CC[NH2+][C@H](C3)C)F)C(=O)[O-],12.62104058265686,-6.807
dock,DB00745,c1ccc(cc1)C(c2ccccc2)[S@@](=O)CC(=O)N,24.242783546447754,-9.536
dock,DB00455,CCOC(=O)N1CCC(=C2c3ccc(cc3CCc4c2nccc4)Cl)CC1,37.66708564758301,-7.996
dock,DB00741,C[C@]12CCC(=O)C=C1CC[C@@H]3[C@@H]2[C@H](C[C@]4([C@H]3CC[C@@]4(C(=O)CO)O)C)O,24.581875801086426,-8.713
dock,DB00952,CNS(=O)(=O)CCc1ccc2c(c1)c(c[nH]2)C3CC[NH+](CC3)C,13.856662273406982,-8.429
dock,DB00767,CCN(CC)C(=O)[C@H]1C[N@H+]2CCc3cc(c(cc3[C@@H]2C[C@H]1OC(=O)C)OC)OC,23.327898025512695,-6.902
dock,DB00980,CCC(=O)NCC[C@@H]1CCc2c1c3c(cc2)OCC3,12.91170597076416,-9.316
dock,DB01002,CCCC[N@@H+]1CCCC[C@H]1C(=O)Nc2c(cccc2C)C,11.417665481567383,-8.968
dock,DB01131,CC(C)NC(=[NH2+])NC(=[NH2+])Nc1ccc(cc1)Cl,6.761938810348511,-8.039
dock,DB01103,CC[NH+](CC)CCC[C@@H](C)Nc1c2ccc(cc2[nH+]c3c1cc(cc3)OC)Cl,8.134942293167114,-8.316
dock,DB01069,C[C@@H](CN1c2ccccc2Sc3c1cccc3)[NH+](C)C,9.247945070266724,-6.385
dock,DB01104,C[NH2+][C@H]1CC[C@H](c2c1cccc2)c3ccc(c(c3)Cl)Cl,8.05769419670105,-7.106
dock,DB00908,COc1ccc2c(c1)c(ccn2)[C@@H]([C@H]3C[C@@H]4CC[N@H+]3C[C@@H]4C=C)O,16.222054719924927,-8.284
dock,DB00737,Cc1cccc(c1)C[NH+]2CCN(CC2)[C@@H](c3ccccc3)c4ccc(cc4)Cl,25.239113092422485,-10.28
dock,DB00940,CC[N+](C)(CC)CCOC(=O)C1c2ccccc2Oc3c1cccc3,14.939296007156372,-7.923
dock,DB00767,CCN(CC)C(=O)[C@H]1C[N@H+]2CCc3cc(c(cc3[C@H]2C[C@@H]1OC(=O)C)OC)OC,23.674336433410645,-17.84
dock,DB00986,C[N+]1(CC[C@@H](C1)OC(=O)[C@@](c2ccccc2)(C3CCCC3)O)C,12.902985095977783,-10.57
dock,DB01060,CC1([C@@H](N2[C@H](S1)[C@@H](C2=O)NC(=O)[C@@H](c3ccc(cc3)O)[NH3+])C(=O)[O-])C,9.983981609344482,-7.164
dock,DB01035,CC[NH+](CC)CCNC(=O)c1ccc(cc1)N,11.04835557937622,-6.739
dock,DB00797,c1ccc(cc1)CC2=[NH+]CCN2,22.392621755599976,-7.463
dock,DB00623,c1ccc2c(c1)N(c3cc(ccc3S2)C(F)(F)F)CCC[NH+]4CCN(CC4)CCO,27.798890352249146,-6.858
dock,DB00854,C[N@H+]1CC[C@]23CCCC[C@H]2[C@H]1Cc4c3cc(cc4)O,19.39968466758728,-7.464
dock,DB01085,CC[C@H]1[C@H](COC1=O)Cc2cncn2C,9.353826999664307,-8.906
dock,DB01158,CC[N+](C)(C)Cc1ccccc1Br,5.44782018661499,-5.523
dock,DB01065,CC(=O)NCCc1c[nH]c2c1cc(cc2)OC,10.075340270996094,-7.469
dock,DB00197,Cc1c(c2c(c(c1O)C)CC[C@@](O2)(C)COc3ccc(cc3)C[C@@H]4C(=O)[N-]C(=O)S4)C,39.11399459838867,-12.24
dock,DB00642,c1cc(ccc1CCc2c[nH]c3c2c(=O)nc([nH]3)N)C(=O)N[C@@H](CCC(=O)[O-])C(=O)[O-],27.907092094421387,-9.658
dock,DB01064,CC(C)[NH2+]C[C@@H](c1ccc(c(c1)O)O)O,10.27461576461792,-5.892
dock,DB00934,C[NH2+]CCCC12CCC(c3c1cccc3)c4c2cccc4,15.696032047271729,-8.163
dock,DB01086,CCOC(=O)c1ccc(cc1)N,9.691074848175049,-7.215
dock,DB01001,CC(C)(C)[NH2+]C[C@@H](c1ccc(c(c1)CO)O)O,12.632341146469116,-6.27
dock,DB01142,C[NH+](C)CC/C=C/1\c2ccccc2COc3c1cccc3,7.595387935638428,-8.891
dock,DB01138,c1ccc(cc1)N2C(=O)C(C(=O)N2c3ccccc3)CC[S@](=O)c4ccccc4,7.711918354034424,-6.089
dock,DB00986,C[N+]1(CC[C@H](C1)OC(=O)[C@](c2ccccc2)(C3CCCC3)O)C,13.765279769897461,-6.594
dock,DB01001,CC(C)(C)[NH2+]C[C@H](c1ccc(c(c1)CO)O)O,12.960072040557861,-7.046
dock,DB00409,CC[N@H+]1CCC[C@H]1CNC(=O)c2c(ccc(c2OC)Br)OC,39.57050442695618,-8.944
dock,DB01037,C[C@H](Cc1ccccc1)[N@H+](C)CC#C,12.154529809951782,-9.527
dock,DB01178,CN1[C@@H](S(=O)(=O)CCC1=O)c2ccc(cc2)Cl,5.750143766403198,-6.108
dock,DB01000,CC1([C@@H](N2[C@H](S1)[C@@H](C2=O)NC(=O)C3(CCCCC3)[NH3+])C(=O)[O-])C,13.277727127075195,-9.711
dock,DB01178,CN1[C@H](S(=O)(=O)CCC1=O)c2ccc(cc2)Cl,5.735115051269531,-8.081
dock,DB00979,C[NH+](C)CCOC(=O)[C@@H](c1ccccc1)C2(CCCC2)O,14.71952748298645,-8.485
dock,DB00918,C[NH+](C)CCc1c[nH]c2c1cc(cc2)CS(=O)(=O)N3CCCC3,17.42145872116089,-8.303
dock,DB00370,C[N@H+]1CC[N@@]2c3c(cccn3)Cc4ccccc4[C@H]2C1,40.101128816604614,-9.19
dock,DB01084,CCOCCn1c2ccccc2nc1N3CCC[N@@H+](CC3)C,10.815290451049805,-7.774
dock,DB00929,CCCC[C@@](C)(C/C=C/[C@H]1[C@@H](CC(=O)[C@@H]1CCCCCCC(=O)OC)O)O,16.853540658950806,-9.138
dock,DB00926,CCOC(=O)/C=C(/C)\C=C/C=C(\C)/C=C/c1c(cc(c(c1C)C)OC)C,17.01837658882141,-9.616
dock,DB00767,CCN(CC)C(=O)[C@@H]1C[N@@H+]2CCc3cc(c(cc3[C@H]2C[C@@H]1OC(=O)C)OC)OC,25.461026668548584,-7.792
dock,DB00691,CCOC(=O)[C@H](CCc1ccccc1)[NH2+][C@@H](C)C(=O)N2Cc3cc(c(cc3C[C@H]2C(=O)[O-])OC)OC,29.090208768844604,-8.501
dock,DB00606,c1c2c(cc(c1Cl)S(=O)(=O)N)S(=O)(=O)N[C@H](N2)[C@H]3C[C@@H]4C[C@H]3C=C4,32.338006258010864,-9.188
dock,DB01098,CC(C)c1c(c(nc(n1)[N@@](C)S(=O)(=O)C)c2ccc(cc2)F)/C=C/[C@H](C[C@H](CC(=O)[O-])O)O,10.195120096206665,-6.557
dock,DB00926,CCOC(=O)/C=C(/C)\C=C\C=C(/C)\C=C/c1c(cc(c(c1C)C)OC)C,17.268259048461914,-9.875
dock,DB01087,C[C@H](CCC[NH3+])Nc1cc(cc2c1nccc2)OC,10.875312328338623,-6.404
dock,DB01084,CCOCCn1c2ccccc2nc1[N@@]3CCC[N@@H+](CC3)C,11.109764575958252,-19.25
dock,DB00925,C[C@H](COc1ccccc1)[N@@H+](CCCl)Cc2ccccc2,17.69165539741516,-6.91
dock,DB01074,C1CCC(CC1)C(C[C@@H]2CCCC[NH2+]2)C3CCCCC3,11.460263013839722,-7.037
dock,DB01084,CCOCCn1c2ccccc2nc1[N@@]3CCC[N@H+](CC3)C,11.273366689682007,-8.238
dock,DB01202,CC[C@@H](C(=O)N)N1CCCC1=O,5.370402812957764,-6.296
dock,DB00925,C[C@@H](COc1ccccc1)[N@@H+](CCCl)Cc2ccccc2,17.960206270217896,-7.2
dock,DB01105,CC(C)C[C@H](C1(CCC1)c2ccc(cc2)Cl)[NH+](C)C,10.263737678527832,-5.907
dock,DB01113,COc1ccc(cc1OC)Cc2c3cc(c(cc3ccn2)OC)OC,9.971598863601685,-7.559
dock,DB01004,c1nc2c(=O)[nH]c(nc2n1COC(CO)CO)N,13.899629354476929,-5.985
dock,DB01117,c1cc2c(cc1)C(=O)C(=C(C2=O)[C@H]3CC[C@@H](CC3)c4ccc(cc4)Cl)[O-],9.674325942993164,-8.981
dock,DB01074,C1CCC(CC1)C(C[C@H]2CCCC[NH2+]2)C3CCCCC3,11.682746887207031,-7.135
dock,DB00939,Cc1ccc(c(c1Cl)Nc2ccccc2C(=O)[O-])Cl,17.25700306892395,-7.536
dock,DB00195,CC(C)[NH2+]C[C@H](COc1ccc(cc1)CCOCC2CC2)O,41.217568159103394,-7.913
dock,DB00933,C[N@H+]1CCCC[C@H]1CCN2c3ccccc3Sc4c2cc(cc4)[S@](=O)C,17.598183155059814,-9.241
dock,DB00920,C[NH+]1CCC(=C2c3ccccc3CC(=O)c4c2ccs4)CC1,18.361188173294067,-7.458
dock,DB01156,C[C@H](C(=O)c1cccc(c1)Cl)[NH2+]C(C)(C)C,7.867847204208374,-5.622
dock,DB01094,COc1ccc(cc1O)[C@@H]2CC(=O)c3c(cc(cc3O2)O)[O-],11.18628454208374,-9.613
dock,DB01136,COc1ccccc1OCC[NH2+]C[C@H](COc2cccc3c2c4ccccc4[nH]3)O,9.433162450790405,-7.896
dock,DB01120,Cc1ccc(cc1)S(=O)(=O)NC(=O)N[NH+]2C[C@H]3CCC[C@H]3C2,9.931545734405518,-10.35
dock,DB01150,C/C=C\C1=C(N2[C@@H]([C@@H](C2=O)NC(=O)[C@@H](c3ccc(cc3)O)[NH3+])SC1)C(=O)[O-],8.54867935180664,-6.662
dock,DB01084,CCOCCn1c2ccccc2nc1N3CCC[N@H+](CC3)C,11.767279148101807,-7.37
dock,DB01230,c1ccc(cc1)[C@H]2C(=O)[NH+]=C(O2)N,4.769246578216553,-7.902
dock,DB00913,CCOC(=O)C1(CC[NH+](CC1)CCc2ccc(cc2)N)c3ccccc3,18.68723464012146,-7.564
dock,DB01209,C[C@]12CCCCC[C@H]([C@@H]1[NH3+])Cc3c2cc(cc3)O,5.734883785247803,-7.041
dock,DB01154,CCC[C@H](C)C1(C(=O)NC(=S)NC1=O)CC=C,8.308989524841309,-7.144
dock,DB00937,CC[NH+](CC)[C@H](C)C(=O)c1ccccc1,17.769293546676636,-8.346
dock,DB01197,C[C@H](CS)C(=O)N1CCC[C@H]1C(=O)[O-],6.083309888839722,-7.908
dock,DB01242,C[NH+](C)CCCN1c2ccccc2CCc3c1cc(cc3)Cl,4.490026950836182,-7.239
dock,DB00929,CCCC[C@](C)(C/C=C/[C@H]1[C@@H](CC(=O)[C@@H]1CCCCCCC(=O)OC)O)O,18.055951595306396,-8.215
dock,DB00530,COCCOc1cc2c(cc1OCCOC)ncnc2Nc3cccc(c3)C#C,40.90732383728027,-8.771
dock,DB01096,CC(C)[NH2+]C[C@@H]1CCc2cc(c(cc2N1)[N+](=O)[O-])CO,11.408262729644775,-8.371
dock,DB01016,COc1ccc(cc1C(=O)NCCc2ccc(cc2)S(=O)(=O)NC(=O)NC3CCCCC3)Cl,14.119627714157104,-7.292
dock,DB01048,c1nc2c(nc(nc2n1[C@@H]3C[C@@H](C=C3)CO)N)NC4CC4,13.294111490249634,-8.421
dock,DB01222,CCC[C@@H]1O[C@@H]2C[C@H]3[C@@H]4CCC5=CC(=O)C=C[C@@]5([C@H]4[C@H](C[C@@]3([C@@]2(O1)C(=O)CO)C)O)C,5.4918153285980225,-7.921
dock,DB01125,COc1ccc(cc1)C2C(=O)c3ccccc3C2=O,10.12411093711853,-6.756
dock,DB00972,C[N@@H+]1CCC[C@@H](CC1)n2c(=O)c3ccccc3c(n2)Cc4ccc(cc4)Cl,16.83071231842041,-8.427
dock,DB01156,C[C@@H](C(=O)c1cccc(c1)Cl)[NH2+]C(C)(C)C,8.425488233566284,-7.195
dock,DB01192,C[N@@H+]1CC[C@]23c4c5ccc(c4O[C@H]2C(=O)CC[C@]3([C@H]1C5)O)O,6.747273206710815,-6.769
dock,DB00841,C[C@H](CCc1ccc(cc1)O)[NH2+]CCc2ccc(c(c2)O)O,22.623687505722046,-18.0
dock,DB01050,C[C@@H](c1ccc(cc1)CC(C)C)C(=O)[O-],13.287130117416382,-7.228
dock,DB00885,Cc1cccn2c1ncc(c2=O)c3n[n-]nn3,20.635759115219116,-8.029
dock,DB01154,CCC[C@@H](C)C1(C(=O)NC(=S)NC1=O)CC=C,8.819817066192627,-6.433
dock,DB01069,C[C@H](CN1c2ccccc2Sc3c1cccc3)[NH+](C)C,12.480277299880981,-10.78
dock,DB01124,CCCCNC(=O)NS(=O)(=O)c1ccc(cc1)C,10.261631488800049,-7.043
dock,DB00906,Cc1ccsc1C(=CCC[N@@H+]2CCC[C@H](C2)C(=O)[O-])c3c(ccs3)C,19.73457360267639,-8.093
dock,DB01194,CC[NH2+][C@H]1C[N@@](S(=O)(=O)c2c1cc(s2)S(=O)(=O)N)CCCOC,6.698740005493164,-7.024
dock,DB01221,C[NH2+][C@@]1(CCCCC1=O)c2ccccc2Cl,5.711854934692383,-6.241
dock,DB01221,C[NH2+][C@]1(CCCCC1=O)c2ccccc2Cl,5.726703643798828,-7.945
dock,DB01190,CCC[C@@H]1C[C@H]([N@H+](C1)C)C(=O)N[C@@H]([C@@H]2[C@@H]([C@@H]([C@H]([C@H](O2)SC)O)O)O)[C@H](C)Cl,6.9960527420043945,-6.757
dock,DB00340,C[N@H+]1CCC[C@H](C1)CC2c3ccccc3Sc4c2cccc4,41.81482815742493,-7.805
dock,DB01186,CCC[N@H+]1C[C@@H](C[C@H]2[C@H]1Cc3c[nH]c4c3c2ccc4)CSC,7.131314992904663,-6.754
dock,DB00612,CC(C)[NH2+]C[C@@H](COc1ccc(cc1)COCCOC(C)C)O,30.829183101654053,-16.63
dock,DB01071,c1ccc2c(c1)N(c3ccccc3S2)C[C@H]4C[NH+]5CCC4CC5,12.731768369674683,-16.56
dock,DB01120,Cc1ccc(cc1)S(=O)(=O)NC(=O)N[NH+]2C[C@H]3CCC[C@@H]3C2,10.960784435272217,-9.856
dock,DB00937,CC[NH+](CC)[C@@H](C)C(=O)c1ccccc1,18.648515462875366,-14.25
dock,DB00370,C[N@@H+]1CC[N@]2c3c(cccn3)Cc4ccccc4[C@@H]2C1,42.258442640304565,-8.555
dock,DB00977,C[C@]12CC[C@@H]3c4ccc(cc4CC[C@H]3[C@@H]1CC[C@]2(C#C)O)O,17.30127787590027,-9.109
dock,DB01009,C[C@H](c1cccc(c1)C(=O)c2ccccc2)C(=O)[O-],15.192813158035278,-9.105
dock,DB00744,C[C@H](c1cc2ccccc2s1)N(C(=O)N)O,28.73885440826416,-9.7
dock,DB01066,Cc1c(scn1)/C=C\C2=C(N3[C@@H]([C@@H](C3=O)NC(=O)/C(=N\OC)/c4csc(n4)N)SC2)C(=O)[O-],13.33400821685791,-8.531
dock,DB00886,c1ccc(cc1)C[C@@H](C(=O)N[C@H]2CCS[C@H]3CCC[C@H](N3C2=O)C(=O)[O-])S,21.382450580596924,-8.119
dock,DB00986,C[N+]1(CC[C@@H](C1)OC(=O)[C@](c2ccccc2)(C3CCCC3)O)C,16.63729691505432,-7.367
dock,DB01114,C[NH+](C)CC[C@@H](c1ccc(cc1)Cl)c2ccccn2,11.555443525314331,-6.514
dock,DB00972,C[N@@H+]1CCC[C@H](CC1)n2c(=O)c3ccccc3c(n2)Cc4ccc(cc4)Cl,17.86643099784851,-9.468
dock,DB00680,CCOC(=O)Nc1ccc2c(c1)N(c3ccccc3S2)C(=O)CC[NH+]4CCOCC4,31.446474075317383,-12.27
dock,DB01123,c1cc(cc2c1cc3ccc(cc3n2)N)N,11.401030540466309,-7.616
dock,DB00834,CC#C[C@@]1(CC[C@@H]2[C@@]1(C[C@@H](C3=C4CCC(=O)C=C4CC[C@@H]23)c5ccc(cc5)N(C)C)C)O,24.11228084564209,-8.953
dock,DB00688,Cc1c2c(c(c(c1OC)C/C=C(\C)/CCC(=O)OCC[NH+]3CCOCC3)[O-])C(=O)OC2,31.61620831489563,-11.75
dock,DB00587,CCC(CC)(CC(=O)Nc1cccc(c1)/C=C/c2nc(cs2)C3CCC3)C(=O)[O-],36.02379775047302,-5.681
dock,DB00790,CCC[C@@H](C(=O)OCC)[NH2+][C@@H](C)C(=O)N1[C@H]2CCCC[C@H]2C[C@H]1C(=O)[O-],26.699237823486328,-7.56
dock,DB01096,CC(C)[NH2+]C[C@H]1CCc2cc(c(cc2N1)[N+](=O)[O-])CO,12.903892278671265,-6.895
dock,DB00899,CCC(=O)N(c1ccccc1)C2(CC[NH+](CC2)CCC(=O)OC)C(=O)OC,21.600937843322754,-6.128
dock,DB01120,Cc1ccc(cc1)S(=O)(=O)NC(=O)N[NH+]2C[C@@H]3CCC[C@H]3C2,11.793421983718872,-9.728
dock,DB00679,C[N@@H+]1CCCC[C@H]1CCN2c3ccccc3Sc4c2cc(cc4)SC,32.01053023338318,-9.596
dock,DB01185,C[C@]12CCC(=O)C=C1CC[C@@H]3[C@@]2([C@H](C[C@]4([C@H]3CC[C@]4(C)O)C)O)F,8.527824640274048,-8.332
dock,DB00887,CCCCNc1cc(cc(c1Oc2ccccc2)S(=O)(=O)N)C(=O)[O-],22.1661159992218,-11.85
dock,DB00584,CCOC(=O)[C@H](CCc1ccccc1)[NH2+][C@@H](C)C(=O)N2CCC[C@H]2C(=O)[O-],36.810503005981445,-7.419
dock,DB00863,C[NH2+]/C(=C\[N+](=O)[O-])/NCCSCc1ccc(o1)C[NH+](C)C,23.544326782226562,-10.05
dock,DB01044,C[C@@H]1CN(CC[NH2+]1)c2c(cc3c(c2OC)n(cc(c3=O)C(=O)[O-])C4CC4)F,15.377473831176758,-4.116
dock,DB01210,CC(C)(C)[NH2+]C[C@@H](COc1cccc2c1CCCC2=O)O,7.81005334854126,-7.662
dock,DB01087,C[C@@H](CCC[NH3+])Nc1cc(cc2c1nccc2)OC,13.872252225875854,-6.464
dock,DB01143,C(C[NH3+])C[NH2+]CCSP(=O)([O-])[O-],11.568764448165894,-3.56
dock,DB00979,C[NH+](C)CCOC(=O)[C@H](c1ccccc1)C2(CCCC2)O,18.427643060684204,-6.781
dock,DB01182,CCC[NH2+]C[C@@H](COc1ccccc1C(=O)CCc2ccccc2)O,9.52225923538208,-7.866
dock,DB00863,C[NH2+]/C(=C/[N+](=O)[O-])/NCCSCc1ccc(o1)C[NH+](C)C,24.337223768234253,-6.365
dock,DB01176,C[NH+]1CCN(CC1)C(c2ccccc2)c3ccccc3,9.927091598510742,-6.978
dock,DB01191,CC[NH2+][C@@H](C)Cc1cccc(c1)C(F)(F)F,9.336169958114624,-7.245
dock,DB00972,C[N@H+]1CCC[C@H](CC1)n2c(=O)c3ccccc3c(n2)Cc4ccc(cc4)Cl,19.31518054008484,-9.107
dock,DB01038,CCC(=O)c1ccc2c(c1)N(c3ccccc3S2)CCC[NH+]4CCN(CC4)CCO,16.466379165649414,-10.52
dock,DB00987,c1cn(c(=O)nc1N)[C@H]2[C@H]([C@@H]([C@H](O2)CO)O)O,18.390137910842896,-7.503
dock,DB01215,c1ccc(cc1)C2=NCc3nncn3-c4c2cc(cc4)Cl,8.692182064056396,-7.089
dock,DB00782,CC(C)[N+](C)(CCOC(=O)C1c2ccccc2Oc3c1cccc3)C(C)C,28.517654180526733,-7.257
dock,DB01192,C[N@H+]1CC[C@]23c4c5ccc(c4O[C@H]2C(=O)CC[C@]3([C@H]1C5)O)O,9.693293809890747,-5.638
dock,DB01091,CC(C)(C)c1ccc(cc1)C[N@H+](C)Cc2cccc3c2cccc3,14.777688264846802,-9.144
dock,DB00535,C=CC1=C(N2[C@@H]([C@@H](C2=O)NC(=O)/C(=N\O)/c3csc(n3)N)SC1)C(=O)[O-],44.13245391845703,-13.63
dock,DB01044,C[C@H]1C[N@](CC[NH2+]1)c2c(cc3c(c2OC)n(cc(c3=O)C(=O)[O-])C4CC4)F,16.772470951080322,-9.957
dock,DB00533,CS(=O)(=O)c1ccc(cc1)C2=C(C(=O)OC2)c3ccccc3,44.321497201919556,-7.045
dock,DB01091,CC(C)(C)c1ccc(cc1)C[N@@H+](C)Cc2cccc3c2cccc3,15.175724744796753,-10.31
dock,DB01190,CCC[C@@H]1C[C@H]([N@@H+](C1)C)C(=O)N[C@H]([C@@H]2[C@@H]([C@@H]([C@H]([C@H](O2)SC)O)O)O)[C@@H](C)Cl,10.348175764083862,-6.203
dock,DB00678,CCCCc1nc(c(n1Cc2ccc(cc2)c3ccccc3c4n[n-]nn4)CO)Cl,33.94403791427612,-9.432
dock,DB01079,CCCCCNC(=[NH2+])N/N=C/c1c[nH]c2c1cc(cc2)OC,15.84155821800232,-8.858
dock,DB01186,CCC[N@@H+]1C[C@@H](C[C@H]2[C@H]1Cc3c[nH]c4c3c2ccc4)CSC,10.444758415222168,-8.338
dock,DB01183,C=CC[N@@H+]1CC[C@]23c4c5ccc(c4O[C@H]2C(=O)CC[C@]3([C@H]1C5)O)O,10.6930992603302,-6.853
dock,DB00926,CCOC(=O)/C=C(\C)/C=C/C=C(/C)\C=C/c1c(cc(c(c1C)C)OC)C,21.950246334075928,-8.291
dock,DB01173,Cc1ccccc1[C@H](c2ccccc2)OCC[NH+](C)C,11.207672834396362,-8.166
dock,DB01007,c1cc(c(cc1Cl)Cl)[C@@H](Cn2ccnc2)OCc3ccsc3Cl,18.314478158950806,-6.965
dock,DB01407,CC(C)(C)[NH2+]C[C@H](c1cc(c(c(c1)Cl)N)Cl)O,4.081742525100708,-6.404
dock,DB01235,c1cc(c(cc1C[C@@H](C(=O)[O-])[NH3+])O)O,8.751441717147827,-5.472
dock,DB00687,C[C@]12CCC(=O)C=C1CC[C@@H]3[C@@]2([C@H](C[C@]4([C@H]3CC[C@@]4(C(=O)CO)O)C)O)F,34.20037007331848,-8.024
dock,DB00706,CCOc1ccccc1OCC[NH2+][C@H](C)Cc2ccc(c(c2)S(=O)(=O)N)OC,33.795217752456665,-7.314
dock,DB01165,C[C@H]1COc2c3n1cc(c(=O)c3cc(c2N4CC[NH+](CC4)C)F)C(=O)[O-],11.692656993865967,-6.988
dock,DB00641,CCC(C)(C)C(=O)O[C@H]1C[C@H](C=C2[C@H]1[C@H]([C@H](C=C2)C)CC[C@@H]3C[C@H](CC(=O)O3)O)C,34.46808648109436,-10.0
dock,DB01036,Cc1ccc(c(c1)[C@H](CC[NH+](C(C)C)C(C)C)c2ccccc2)O,17.832938194274902,-6.564
dock,DB01050,C[C@H](c1ccc(cc1)CC(C)C)C(=O)[O-],17.299208402633667,-8.531
dock,DB01136,COc1ccccc1OCC[NH2+]C[C@@H](COc2cccc3c2c4ccccc4[nH]3)O,13.992233991622925,-3.157
dock,DB01355,C[C@@]1(C(=O)NC(=O)N(C1=O)C)C2=CCCCC2,5.464197874069214,-6.361
dock,DB01288,C[C@H](Cc1ccc(cc1)O)[NH2+]C[C@H](c2cc(cc(c2)O)O)O,7.006890535354614,-9.042
dock,DB01355,C[C@]1(C(=O)NC(=O)N(C1=O)C)C2=CCCCC2,5.506731986999512,-6.162
dock,DB01365,CC(C)(Cc1ccccc1)[NH2+]C,5.409081697463989,-4.933
dock,DB01347,CCc1nc(c(n1Cc2ccc3c(c2)c(c(o3)c4ccccc4NS(=O)(=O)C(F)(F)F)Br)C(=O)N)C5CC5,5.947413682937622,-5.044
dock,DB01239,C[NH+](C)CC/C=C\1/c2ccccc2Sc3c1cc(cc3)Cl,9.18944525718689,-7.182
dock,DB01352,CC(C)C1(C(=O)NC(=O)NC1=O)CC=C,5.903979539871216,-7.119
dock,DB00927,c1c(nc(s1)[NH+]=C(N)N)CSCC/C(=N\S(=O)(=O)N)/N,22.961211681365967,-7.613
dock,DB01367,C#CC[NH2+][C@@H]1CCc2c1cccc2,5.537566661834717,-8.373
dock,DB01322,COC1=CC(=O)O[C@H](C1)/C=C/C2=CCCC=C2,7.118063926696777,-7.49
dock,DB00921,C[C@]([C@H]1C[C@@]23CC[C@@]1([C@H]4[C@@]25CC[N@@H+]([C@@H]3Cc6c5c(c(cc6)O)O4)CC7CC7)OC)(C(C)(C)C)O,23.69420623779297,-6.328
dock,DB01353,CCCCC1(C(=O)NC(=O)NC1=O)CC,6.347768306732178,-5.959
dock,DB00927,c1c(nc(s1)[NH+]=C(N)N)CSCC/C(=N/S(=O)(=O)N)/N,23.329557418823242,-6.656
dock,DB01265,Cc1cn(c(=O)[nH]c1=O)[C@@H]2C[C@H]([C@@H](O2)CO)O,8.35594654083252,-7.454
dock,DB00861,c1cc(c(cc1c2ccc(cc2F)F)C(=O)[O-])O,27.201903343200684,-8.084
dock,DB00525,Cc1cccc(c1)N(C)C(=S)Oc2ccc3ccccc3c2,46.46509408950806,-6.819
dock,DB01017,C[NH+](C)[C@H]1[C@@H]2C[C@@H]3Cc4c(ccc(c4C(=O)C3=C([C@@]2(C(=O)C(=C1[O-])C(=O)N)O)[O-])[O-])N(C)C,19.50798463821411,-6.719
dock,DB00690,CC[NH+](CC)CCN1c2ccc(cc2C(=NCC1=O)c3ccccc3F)Cl,35.754672050476074,-11.0
dock,DB01354,CCC1(C(=O)NC(=O)NC1=O)C2=CCCCCC2,6.768510341644287,-8.365
dock,DB01261,c1c(c(cc(c1F)F)F)C[C@H](CC(=O)N2CCn3c(nnc3C(F)(F)F)C2)[NH3+],8.942349433898926,-7.418
dock,DB01161,CC[NH+](CC)CCOC(=O)c1ccc(cc1Cl)N,13.421743869781494,-6.06
dock,DB01418,CC(=O)C[C@@H](c1ccc(cc1)[N+](=O)[O-])c2c(c3ccccc3oc2=O)[O-],5.610586643218994,-7.834
dock,DB01262,c1nc(nc(=O)n1[C@H]2C[C@@H]([C@H](O2)CO)O)N,8.891705513000488,-5.895
dock,DB01097,Cc1c(cno1)C(=O)Nc2ccc(cc2)C(F)(F)F,17.139304637908936,-8.575
dock,DB01241,Cc1ccc(c(c1)OCCCC(C)(C)C(=O)[O-])C,10.324793100357056,-9.036
dock,DB01427,c1cnccc1c2cc(c(=O)[nH]c2)N,5.611879825592041,-5.756
dock,DB01031,C#CC1(CCCCC1)OC(=O)N,19.577949285507202,-7.097
dock,DB00771,C[N+]12CCC(CC1)[C@@H](C2)OC(=O)C(c3ccccc3)(c4ccccc4)O,31.748627424240112,-8.102
dock,DB01033,c1[nH]c2c(n1)[nH]cnc2=S,19.570439100265503,-7.825
dock,DB01216,C[C@]12CC[C@H]3[C@H]([C@@H]1CC[C@@H]2C(=O)NC(C)(C)C)CC[C@@H]4[C@@]3(C=CC(=O)N4)C,11.509575605392456,-8.553
dock,DB00412,CN(CCOc1ccc(cc1)C[C@H]2C(=O)[N-]C(=O)S2)c3ccccn3,47.17904567718506,-9.831
dock,DB01447,C[C@@H]1[C@@H](OC(=[NH+]1)N)c2ccccc2,4.385505199432373,-6.617
dock,DB00890,C/C=C(/C(=C/C)/c1ccc(cc1)O)\c2ccc(cc2)O,26.356491327285767,-7.496
dock,DB01443,C[C@]12CC[C@@H]3[C@H]4CCC(=O)CC4=CC[C@H]3[C@@H]1CCC2=O,4.779229640960693,-8.635
dock,DB00844,c1cc(c2c3c1C[C@@H]4[C@]5([C@]3(CC[N@H+]4CC6CCC6)[C@@H](O2)[C@H](CC5)O)O)O,28.366941452026367,-13.82
dock,DB01446,C[C@@H](Cc1c[nH]c2c1cccc2)[NH3+],4.726394176483154,-6.638
dock,DB01447,C[C@H]1[C@@H](OC(=[NH+]1)N)c2ccccc2,4.456046104431152,-6.259
dock,DB01219,c1cc(ccc1c2ccc(o2)/C=N\N3CC(=O)NC3=O)[N+](=O)[O-],11.773085594177246,-11.08
dock,DB01447,C[C@H]1[C@H](OC(=[NH+]1)N)c2ccccc2,4.56237530708313,-7.605
dock,DB01429,CC[NH+](CC)CCCN(c1ccccc1)C2Cc3ccccc3C2,6.074055910110474,-6.002
dock,DB00508,C[NH+](C)CCCN1c2ccccc2Sc3c1cc(cc3)C(F)(F)F,47.44688677787781,-6.943
dock,DB01437,CC[C@]1(CCC(=O)NC1=O)c2ccccc2,5.646283864974976,-6.204
dock,DB01237,C[NH+](C)CCO[C@H](c1ccccc1)c2ccc(cc2)Br,11.174752235412598,-7.461
dock,DB01025,CC(C)c1ccc2c(c1)c(=O)c3cc(c(nc3o2)N)C(=O)[O-],20.232664108276367,-1.878
dock,DB00912,CCOc1cc(ccc1C(=O)[O-])CC(=O)N[C@@H](CC(C)C)c2ccccc2N3CCCCC3,25.412891149520874,-6.212
dock,DB01445,C[NH+](C)CCc1c[nH]c2c1cc(cc2)O,5.219418525695801,-8.55
dock,DB01183,C=CC[N@H+]1CC[C@]23c4c5ccc(c4O[C@H]2C(=O)CC[C@]3([C@H]1C5)O)O,13.612156867980957,-7.08
dock,DB01446,C[C@H](Cc1c[nH]c2c1cccc2)[NH3+],5.197686433792114,-7.898
dock,DB01162,COc1cc2c(cc1OC)nc(nc2N)N3CCN(CC3)C(=O)[C@@H]4CCCO4,14.469558954238892,-7.221
dock,DB01451,C[C@]12CC[C@H]3[C@H]([C@@H]1CCC2=O)CC[C@@H]4[C@@]3(C=CC(=O)C4)C,4.839114427566528,-8.656
dock,DB01447,C[C@@H]1[C@H](OC(=[NH+]1)N)c2ccccc2,5.236406087875366,-8.363
dock,DB01165,C[C@@H]1COc2c3n1cc(c(=O)c3cc(c2N4CC[NH+](CC4)C)F)C(=O)[O-],14.419552087783813,-7.033
dock,DB01405,C[C@@H]1C[N@@](CC[NH2+]1)c2cc3c(cc2F)c(=O)c(cn3c4ccc(cc4F)F)C(=O)[O-],7.2163050174713135,-8.218
dock,DB01444,C[C@H](C=C(c1cccs1)c2cccs2)[NH+](C)C,5.477696180343628,-5.636
dock,DB01188,Cc1cc(n(c(=O)c1)[O-])C2CCCCC2,13.615522861480713,-7.018
dock,DB01106,C[C@H]1[C@@](CC[N@@H+](C1)[C@H]2CC[C@@](CC2)(c3ccc(cc3)F)C#N)(C(=O)[O-])c4ccccc4,17.66568684577942,-8.052
dock,DB01023,CCOC(=O)C1=C(NC(=C([C@@H]1c2cccc(c2Cl)Cl)C(=O)OC)C)C,20.73958945274353,-6.38
dock,DB01444,C[C@@H](C=C(c1cccs1)c2cccs2)[NH+](C)C,5.625477313995361,-7.973
dock,DB00849,CC[C@]1(C(=O)NC(=O)N(C1=O)C)c2ccccc2,29.076213121414185,-7.44
dock,DB01246,C[C@@H](CN1c2ccccc2Sc3c1cccc3)C[NH+](C)C,11.094767332077026,-7.542
dock,DB01244,CC(C)COC[C@H](CN(Cc1ccccc1)c2ccccc2)[NH+]3CCCC3,11.33641004562378,-7.43
dock,DB00850,c1ccc2c(c1)N(c3cc(ccc3S2)Cl)CCC[NH+]4CCN(CC4)CCO,29.188177824020386,-15.96
dock,DB00774,c1c(c(cc2c1NCNS2(=O)=O)S(=O)(=O)N)C(F)(F)F,32.90635895729065,-7.759
dock,DB00872,Cc1[nH]c2c(n1)-c3ccccc3N(CC2)C(=O)c4ccc(cc4)NC(=O)c5ccccc5c6ccccc6,28.099401712417603,-8.742
dock,DB00469,C[N@@]1C(=C(c2c(ccs2)S1(=O)=O)O)C(=O)Nc3ccccn3,48.531556606292725,-7.843
dock,DB01163,CC1([C@@H](N2[C@H](S1)[C@@H](C2=O)/[NH+]=C\N3CCCCCC3)C(=O)[O-])C,14.99741268157959,-7.31
dock,DB01029,CCCCC1=[NH+]C2(CCCC2)C(=O)N1Cc3ccc(cc3)c4ccccc4c5n[n-]nn5,21.15547251701355,-8.471
dock,DB01439,CCC(=O)N(c1ccccc1)[C@H]2CC[N@@H+](C[C@H]2C)CCc3cccs3,6.539743185043335,-6.969
dock,DB01253,C[C@@H](CO)NC(=O)[C@H]1C[N@H+]([C@@H]2Cc3c[nH]c4c3c(ccc4)C2=C1)C,11.309539794921875,-8.744
dock,DB01024,Cc1c2c(c(c(c1OC)C/C=C(\C)/CCC(=O)[O-])[O-])C(=O)OC2,21.361945629119873,-7.113
dock,DB01246,C[C@H](CN1c2ccccc2Sc3c1cccc3)C[NH+](C)C,11.611786603927612,-7.037
dock,DB00622,CC1=C([C@@H](C(=C(N1)C)C(=O)OCC[N@H+](C)Cc2ccccc2)c3cccc(c3)[N+](=O)[O-])C(=O)OC,38.043015480041504,-3.668
dock,DB00689,CC(=O)OCC1=C(N2[C@@H]([C@@H](C2=O)NC(=O)[C@@H](c3ccccc3)[NH3+])SC1)C(=O)[O-],38.0781512260437,-10.94
dock,DB01428,COc1ccc(c(c1)O)C(=O)c2ccccc2,7.6036763191223145,-7.79
dock,DB01454,C[C@@H](Cc1ccc2c(c1)OCO2)[NH2+]C,5.572466611862183,-5.717
dock,DB01439,CCC(=O)N(c1ccccc1)[C@H]2CC[N@H+](C[C@H]2C)CCc3cccs3,6.908767461776733,-7.302
dock,DB01232,CC(C)(C)NC(=O)[C@@H]1C[C@@H]2CCCC[C@@H]2C[N@@H+]1C[C@H]([C@H](Cc3ccccc3)NC(=O)[C@H](CC(=O)N)NC(=O)c4ccc5ccccc5n4)O,12.954115152359009,-7.983
dock,DB00984,C[C@]12CC[C@H]3[C@H]([C@@H]1CC[C@@H]2OC(=O)CCc4ccccc4)CCC5=CC(=O)CC[C@H]35,23.698763847351074,-18.07
dock,DB01454,C[C@H](Cc1ccc2c(c1)OCO2)[NH2+]C,5.567604064941406,-7.418
dock,DB01237,C[NH+](C)CCO[C@@H](c1ccccc1)c2ccc(cc2)Br,13.061209201812744,-7.689
dock,DB01170,C1CCC[NH+](CCC1)CCN=C(N)N,15.771141529083252,-9.476
dock,DB01442,C[C@@H](Cc1cc2c(c(c1)OC)OCO2)[NH3+],7.108238935470581,-5.631
dock,DB01442,C[C@H](Cc1cc2c(c(c1)OC)OCO2)[NH3+],7.1215949058532715,-6.157
dock,DB01234,C[C@@H]1C[C@H]2[C@@H]3CCC4=CC(=O)C=C[C@@]4([C@]3([C@H](C[C@@]2([C@]1(C(=O)CO)O)C)O)F)C,13.296600103378296,-7.105
dock,DB01283,Cc1ccc(c(c1)CC(=O)[O-])Nc2c(cccc2Cl)F,11.406980037689209,-11.59
dock,DB00661,CC(C)[C@](CCC[N@H+](C)CCc1ccc(c(c1)OC)OC)(C#N)c2ccc(c(c2)OC)OC,39.036279916763306,-8.172
dock,DB00701,CC(C)C[N@](C[C@H]([C@H](Cc1ccccc1)NC(=O)O[C@H]2CCOC2)O)S(=O)(=O)c3ccc(cc3)N,39.20351767539978,-11.15
dock,DB00712,C[C@H](c1ccc(c(c1)F)c2ccccc2)C(=O)[O-],38.69500732421875,-8.592
dock,DB00442,C=C1[C@H](C[C@@H]([C@H]1CO)O)n2cnc3c2[nH]c(nc3=O)N,50.3081259727478,-7.123
dock,DB01420,CCC(=O)O[C@H]1CC[C@@H]2[C@@]1(CC[C@H]3[C@H]2CCC4=CC(=O)CC[C@]34C)C,9.021074056625366,-7.842
dock,DB01274,C[C@H](Cc1ccc(cc1)OC)[NH2+]C[C@@H](c2ccc(c(c2)NC=O)O)O,12.121296644210815,-6.952
dock,DB01217,CC(C)(C#N)c1cc(cc(c1)C(C)(C)C#N)Cn2cncn2,14.97469186782837,-6.817
dock,DB00662,C[NH+](C)CCOc1ccc(cc1)CNC(=O)c2cc(c(c(c2)OC)OC)OC,39.64712643623352,-9.796
dock,DB01455,C[C@]12CC[C@@H]3[C@H]4CC[C@@H](CC4=CC[C@H]3[C@@H]1CC[C@@H]2O)O,6.710613250732422,-8.182
dock,DB01463,CC[NH2+][C@@H]1[C@@H]2CC[C@@H](C2)[C@H]1c3ccccc3,6.422366619110107,-8.407
dock,DB01463,CC[NH2+][C@H]1[C@H]2CC[C@H](C2)[C@@H]1c3ccccc3,6.262486457824707,-6.757
dock,DB00704,c1cc(c2c3c1C[C@@H]4[C@]5([C@]3(CC[N@H+]4CC6CC6)[C@@H](O2)C(=O)CC5)O)O,39.44817090034485,-8.924
